Airline,Source,Destination,Duration,stops,class,depature time,arrival time,Price,Date,Season
TAP Portugal,CMN,PAR,370,1,business,16:50,23:00,2937.48,2024-11-05,Autumn
Royal Air Maroc,CMN,PAR,170,0,economy,16:20,20:10,1438.71,2024-06-01,Summer
Royal Air Maroc,CMN,PAR,175,0,economy,02:50,06:45,3194.1,2024-08-16,Summer
Air France,CMN,IST,575,1,economy,15:50,03:25,2754.57,2024-08-16,Summer
Royal Air Maroc,CMN,PAR,175,0,business,08:00,11:55,6456.45,2024-09-03,Autumn
TAP Portugal,CMN,ROM,365,1,economy,17:00,00:05,1588.86,2024-04-18,Spring
Royal Air Maroc,CMN,IST,265,0,business,10:15,16:40,8312.85,2024-10-19,Autumn
Air France,CMN,ROM,475,1,economy,10:20,19:15,2402.4,2024-05-29,Spring
Transavia France,CMN,IST,620,1,economy,11:15,23:35,2470.65,2024-06-01,Summer
Royal Air Maroc,CMN,PAR,170,0,economy,08:10,12:00,1547.91,2024-10-19,Autumn
Air France,CMN,PAR,190,0,economy,11:20,14:30,1927.3799999999999,2024-11-05,Autumn
TAP Portugal,CMN,PAR,470,1,business,11:25,20:15,2934.75,2024-06-01,Summer
Iberia,CMN,ROM,625,1,business,12:40,00:05,5102.37,2024-09-03,Autumn
TAP Portugal,CMN,ROM,745,1,business,11:30,23:55,2702.7,2024-01-12,Winter
Royal Air Maroc,CMN,PAR,170,0,economy,18:35,22:25,1793.61,2024-04-18,Spring
Lufthansa,CMN,IST,590,1,business,01:15,13:05,9063.6,2024-04-18,Spring
TAP Portugal,CMN,ROM,325,1,business,12:20,18:45,2683.59,2024-03-17,Spring
Transavia France,CMN,IST,605,1,economy,11:30,23:35,2634.45,2024-05-29,Spring
TAP Portugal,CMN,ROM,405,1,economy,11:25,19:10,1886.43,2024-10-19,Autumn
Emirates,CMN,IST,1220,1,economy,14:45,13:05,5503.68,2024-10-19,Autumn
Air France,CMN,PAR,195,0,business,08:10,11:25,11343.15,2023-12-04,Winter
Iberia,CMN,ROM,630,1,business,13:35,00:05,4105.92,2023-12-04,Winter
Air France,CMN,PAR,180,0,economy,18:20,22:20,2514.33,2024-10-19,Autumn
Emirates,CMN,IST,1280,1,economy,15:05,14:25,5487.3,2024-11-05,Autumn
Royal Air Maroc,CMN,PAR,175,0,business,08:00,11:55,6464.64,2024-05-29,Spring
Lufthansa,CMN,ROM,620,1,business,01:15,12:35,7862.4,2024-10-19,Autumn
Air France,CMN,ROM,570,1,business,08:10,17:40,9533.16,2024-11-05,Autumn
Transavia France,CMN,PAR,180,0,economy,16:55,20:55,1850.94,2024-04-18,Spring
TAP Portugal,CMN,ROM,980,1,business,17:00,10:20,2705.43,2024-07-04,Summer
Iberia,CMN,PAR,390,1,business,12:40,20:10,3770.13,2024-09-03,Autumn
TAP Portugal,CMN,ROM,1365,1,economy,17:00,16:45,2571.66,2024-07-04,Summer
Air France,CMN,PAR,180,0,business,15:50,19:50,8736.0,2024-09-03,Autumn
Iberia,CMN,PAR,305,1,business,13:35,18:40,5951.4,2023-12-04,Winter
Air France,CMN,PAR,135,0,economy,08:10,11:25,1373.19,2024-03-17,Spring
Air France,CMN,IST,1350,1,business,16:35,17:05,5290.74,2024-01-12,Winter
Iberia,CMN,ROM,625,1,business,12:40,00:05,4231.5,2024-06-01,Summer
Air France,CMN,IST,1350,1,economy,16:35,17:05,2274.09,2024-11-05,Autumn
Egypt Air,CMN,IST,640,1,business,00:55,13:35,10818.99,2023-12-04,Winter
Royal Air Maroc,CMN,IST,215,0,economy,17:10,23:45,5817.63,2024-03-17,Spring
Air France,CMN,PAR,180,0,economy,15:50,19:50,1744.47,2024-05-29,Spring
KLM,CMN,ROM,1275,2,economy,18:20,16:35,5184.2699999999995,2024-04-18,Spring
Air France,CMN,PAR,195,0,economy,19:15,22:30,2877.42,2024-11-05,Autumn
Air France,CMN,ROM,475,1,business,10:20,19:15,7589.4,2024-10-19,Autumn
Pegasus Airlines,CMN,ROM,755,1,economy,00:10,13:45,2096.64,2024-10-19,Autumn
Air France,CMN,IST,575,1,business,15:50,03:25,7147.14,2024-10-19,Autumn
Iberia,CMN,ROM,365,1,economy,13:35,19:40,2536.17,2024-01-12,Winter
Egypt Air,CMN,IST,750,1,business,23:05,13:35,10739.82,2023-12-04,Winter
Air Arabia Maroc,CMN,IST,280,0,economy,16:50,23:30,1749.93,2023-12-04,Winter
Air France,CMN,PAR,185,0,business,07:30,11:35,8736.0,2024-08-16,Summer
Air France,CMN,IST,1690,1,business,10:20,16:30,9175.53,2024-05-29,Spring
Transavia France,CMN,PAR,640,1,economy,20:35,07:15,1236.69,2024-02-10,Winter
TAP Portugal,CMN,PAR,390,1,economy,11:25,18:55,1897.35,2024-06-01,Summer
TAP Portugal,CMN,ROM,980,1,economy,17:00,10:20,1064.7,2024-04-18,Spring
ITA Airways,CMN,ROM,190,0,economy,13:00,16:10,2514.33,2024-02-10,Winter
Iberia,CMN,ROM,625,1,business,12:40,00:05,5159.7,2024-04-18,Spring
Etihad Airways,CMN,IST,1130,1,business,09:25,06:15,23669.1,2024-06-01,Summer
TAP Portugal,CMN,ROM,700,1,economy,11:25,00:05,1083.81,2024-10-19,Autumn
Lufthansa,CMN,ROM,425,1,economy,01:15,09:20,3330.6,2024-07-04,Summer
Air France,CMN,PAR,185,0,business,10:20,14:25,8736.0,2024-06-01,Summer
Air France,CMN,PAR,185,0,business,10:20,14:25,8736.0,2024-09-03,Autumn
Lufthansa,CMN,ROM,620,1,business,01:15,12:35,7862.4,2024-04-18,Spring
Tunisair,CMN,ROM,1420,1,economy,11:50,12:30,2811.9,2024-04-18,Spring
Iberia,CMN,PAR,510,1,business,12:40,22:10,3903.9,2024-07-04,Summer
TAP Portugal,CMN,ROM,360,1,economy,16:55,23:55,1580.67,2024-03-17,Spring
British Airways,CMN,PAR,550,2,business,12:40,22:50,10401.3,2024-07-04,Summer
Egypt Air,CMN,IST,1565,1,business,13:30,17:35,8626.8,2024-08-16,Summer
Royal Air Maroc,CMN,PAR,170,0,economy,08:10,12:00,3303.3,2024-08-16,Summer
TAP Portugal,CMN,ROM,365,1,economy,17:00,00:05,1536.99,2024-09-03,Autumn
Royal Air Maroc,CMN,IST,265,0,business,10:15,16:40,8599.5,2024-05-29,Spring
Air France,CMN,PAR,180,0,economy,18:20,22:20,3933.93,2024-09-03,Autumn
Air Arabia Maroc,CMN,IST,765,1,economy,08:55,23:40,2721.81,2024-05-29,Spring
Air France,CMN,PAR,195,0,economy,16:35,19:50,2274.09,2024-11-05,Autumn
Royal Air Maroc,CMN,PAR,175,0,business,13:25,17:20,6464.64,2024-06-01,Summer
Lufthansa,CMN,ROM,425,1,business,01:15,09:20,7862.4,2024-09-03,Autumn
Air Arabia Maroc,CMN,ROM,470,1,economy,07:20,15:10,1730.82,2024-01-12,Winter
Royal Air Maroc,CMN,ROM,185,0,business,12:35,16:40,6999.72,2024-04-18,Spring
Air France,CMN,ROM,685,1,business,11:20,22:45,7551.18,2024-11-05,Autumn
TAP Portugal,CMN,PAR,300,1,business,17:00,23:00,2934.75,2024-05-29,Spring
Royal Air Maroc,CMN,IST,510,1,economy,13:40,00:10,4054.05,2024-07-04,Summer
Iberia,CMN,ROM,320,1,business,17:45,00:05,5159.7,2024-08-16,Summer
Royal Air Maroc,CMN,IST,285,0,business,09:55,16:40,8233.68,2024-02-10,Winter
Iberia,CMN,PAR,290,1,business,12:40,18:30,4722.9,2024-04-18,Spring
Air Arabia Maroc,CMN,ROM,640,1,economy,12:45,23:25,1111.11,2024-01-12,Winter
TAP Portugal,CMN,PAR,640,1,business,12:20,23:00,2869.23,2023-12-04,Winter
Air France,CMN,PAR,180,0,economy,15:50,19:50,3761.94,2024-08-16,Summer
Turkish Airlines,CMN,IST,210,0,business,10:10,16:40,16855.02,2024-03-17,Spring
Lufthansa,CMN,IST,825,1,business,01:15,17:00,9063.6,2024-07-04,Summer
Air Arabia Maroc,CMN,IST,280,0,economy,18:00,00:40,1796.34,2024-04-18,Spring
Lufthansa,CMN,ROM,425,1,business,01:15,09:20,7843.29,2024-04-18,Spring
Air France,CMN,ROM,380,1,economy,11:20,17:40,2811.9,2023-12-04,Winter
Kuwait Airways,CMN,IST,1420,1,business,12:40,14:20,13434.33,2024-09-03,Autumn
Royal Air Maroc,CMN,PAR,175,0,business,14:10,17:05,6865.95,2024-01-12,Winter
Turkish Airlines,CMN,IST,280,0,business,17:00,23:40,11356.8,2024-06-01,Summer
TAP Portugal,CMN,IST,1065,2,economy,17:00,12:45,3046.68,2024-09-03,Autumn
Egypt Air,CMN,IST,655,1,business,23:05,13:00,8072.61,2024-03-17,Spring
TAP Portugal,CMN,ROM,1465,1,economy,11:25,12:50,1659.84,2024-10-19,Autumn
Royal Air Maroc,CMN,ROM,185,0,business,12:35,16:40,8580.39,2024-09-03,Autumn
Egypt Air,CMN,IST,890,1,business,00:45,17:35,8528.52,2024-08-16,Summer
Iberia,CMN,PAR,370,1,economy,16:05,22:15,1485.12,2024-01-12,Winter
Egypt Air,CMN,IST,550,1,business,13:35,00:45,9647.82,2024-01-12,Winter
Royal Air Maroc,CMN,ROM,185,0,economy,12:35,16:40,1460.55,2024-06-01,Summer
Air France,CMN,PAR,185,0,business,10:20,14:25,8736.0,2024-08-16,Summer
Air France,CMN,ROM,545,1,economy,07:30,17:35,3412.5,2024-07-04,Summer
Egypt Air,CMN,IST,890,1,business,00:45,17:35,8621.34,2024-10-19,Autumn
Iberia,CMN,ROM,305,1,business,13:35,19:40,4425.33,2024-03-17,Spring
Air Arabia Maroc,CMN,IST,540,1,economy,06:00,17:00,2285.0099999999998,2024-06-01,Summer
Iberia,CMN,ROM,625,1,business,12:40,00:05,4231.5,2024-05-29,Spring
Royal Air Maroc,CMN,PAR,175,0,business,18:30,21:25,6846.84,2023-12-04,Winter
Qatar Airways,CMN,IST,1175,1,business,14:10,11:45,25116.0,2024-09-03,Autumn
Iberia,CMN,PAR,290,1,business,12:40,18:30,3944.85,2024-10-19,Autumn
Air France,CMN,PAR,180,0,business,15:50,19:50,8736.0,2024-06-01,Summer
Royal Air Maroc,CMN,PAR,395,1,economy,16:10,23:45,1812.72,2024-04-18,Spring
Royal Air Maroc,CMN,IST,290,0,business,09:50,16:40,8258.25,2023-12-04,Winter
TAP Portugal,CMN,PAR,390,1,business,11:25,18:55,2926.56,2024-06-01,Summer
Air France,CMN,PAR,195,0,economy,08:10,11:25,4097.73,2023-12-04,Winter
Air France,CMN,PAR,180,0,economy,18:20,22:20,1209.39,2024-06-01,Summer
TAP Portugal,CMN,ROM,385,1,economy,12:20,18:45,1001.91,2024-02-10,Winter
Royal Air Maroc,CMN,ROM,130,0,business,13:00,16:10,7013.37,2024-03-17,Spring
KLM,CMN,ROM,1255,1,economy,19:30,16:25,1801.8,2024-02-10,Winter
TAP Portugal,CMN,ROM,325,1,economy,12:20,18:45,1577.94,2024-03-17,Spring
TAP Portugal,CMN,ROM,910,2,economy,17:00,09:10,2405.13,2024-09-03,Autumn
Royal Air Maroc,CMN,IST,495,1,economy,07:50,18:05,2637.18,2024-02-10,Winter
Iberia,CMN,ROM,365,1,business,13:35,19:40,5129.67,2024-02-10,Winter
TAP Portugal,CMN,PAR,300,1,economy,17:00,23:00,1176.6299999999999,2024-04-18,Spring
Royal Air Maroc,CMN,PAR,170,0,business,18:35,22:25,6871.41,2024-04-18,Spring
Air France,CMN,PAR,195,0,economy,16:35,19:50,1987.44,2024-01-12,Winter
Egypt Air,CMN,IST,675,1,business,13:35,02:50,7947.03,2023-12-04,Winter
Royal Air Maroc,CMN,PAR,170,0,economy,12:20,16:10,1392.3,2024-05-29,Spring
TAP Portugal,CMN,ROM,435,1,economy,16:50,00:05,1247.61,2024-11-05,Autumn
Royal Air Maroc,CMN,PAR,170,0,economy,08:10,12:00,1506.96,2024-05-29,Spring
TAP Portugal,CMN,ROM,1365,1,business,17:00,16:45,4758.39,2024-07-04,Summer
Egypt Air,CMN,IST,1445,1,business,00:45,02:50,8716.89,2024-10-19,Autumn
Iberia,CMN,ROM,305,1,economy,13:35,19:40,3046.68,2024-03-17,Spring
Royal Air Maroc,CMN,PAR,180,0,business,13:25,16:25,6489.21,2024-01-12,Winter
TAP Portugal,CMN,ROM,980,1,economy,17:00,10:20,2530.71,2024-08-16,Summer
Air France,CMN,ROM,390,1,business,08:10,14:40,7551.18,2024-11-05,Autumn
TAP Portugal,CMN,ROM,1510,1,business,17:00,19:10,3985.8,2024-08-16,Summer
Royal Air Maroc,CMN,PAR,175,0,business,14:10,17:05,6890.5199999999995,2024-11-05,Autumn
Iberia,CMN,PAR,290,1,business,12:40,18:30,3903.9,2024-06-01,Summer
Turkish Airlines,CMN,IST,275,0,business,17:10,23:45,10535.07,2023-12-04,Winter
Iberia,CMN,ROM,360,1,business,12:40,19:40,5230.68,2024-05-29,Spring
Pegasus Airlines,CMN,ROM,615,1,economy,01:10,11:25,2598.96,2024-02-10,Winter
Royal Air Maroc,CMN,PAR,170,0,business,14:15,18:05,6844.11,2024-08-16,Summer
Kuwait Airways,CMN,IST,880,1,economy,12:40,05:20,7125.3,2024-10-19,Autumn
TAP Portugal,CMN,PAR,370,1,economy,16:50,23:00,1108.3799999999999,2024-11-05,Autumn
KLM,CMN,IST,1180,2,economy,19:15,16:55,2123.94,2023-12-04,Winter
Iberia,CMN,ROM,480,1,economy,16:05,00:05,2555.28,2023-12-04,Winter
Qatar Airways,CMN,IST,870,1,economy,20:40,13:10,6543.81,2024-08-16,Summer
TAP Portugal,CMN,PAR,495,1,business,11:30,19:45,2910.18,2024-01-12,Winter
Air France,CMN,PAR,190,0,business,11:20,14:30,11343.15,2023-12-04,Winter
Transavia France,CMN,PAR,180,0,economy,16:55,20:55,556.92,2024-07-04,Summer
Royal Air Maroc,CMN,PAR,120,0,economy,13:25,16:25,1427.79,2024-03-17,Spring
Egypt Air,CMN,IST,1565,1,business,13:30,17:35,8615.88,2024-05-29,Spring
Air France,CMN,ROM,375,1,economy,10:20,17:35,3221.4,2024-06-01,Summer
Air France,CMN,PAR,180,0,business,18:20,22:20,8736.0,2024-08-16,Summer
Royal Air Maroc,CMN,PAR,170,0,economy,12:20,15:10,2544.36,2023-12-04,Winter
Pegasus Airlines,CMN,IST,230,0,economy,01:10,08:00,3139.5,2024-03-17,Spring
Iberia,CMN,ROM,435,2,economy,10:00,18:15,3423.42,2024-03-17,Spring
KLM,CMN,IST,1180,2,economy,19:15,16:55,4067.7,2024-11-05,Autumn
TAP Portugal,CMN,ROM,1130,1,economy,17:00,12:50,1392.3,2024-07-04,Summer
Vueling,CMN,PAR,390,1,economy,12:40,20:10,1984.71,2024-08-16,Summer
Iberia,CMN,ROM,625,1,business,12:40,00:05,4231.5,2024-07-04,Summer
Royal Air Maroc,CMN,PAR,170,0,business,14:15,18:05,6879.6,2024-05-29,Spring
TAP Portugal,CMN,PAR,560,1,business,12:20,21:40,2866.5,2023-12-04,Winter
Iberia,CMN,ROM,365,1,business,13:35,19:40,4105.92,2023-12-04,Winter
Royal Air Maroc,CMN,PAR,175,0,business,08:10,11:05,6467.37,2024-11-05,Autumn
Royal Air Maroc,CMN,IST,215,0,business,17:10,23:45,17496.57,2024-03-17,Spring
Air France,CMN,PAR,195,0,economy,08:10,11:25,3641.82,2024-01-12,Winter
Turkish Airlines,CMN,IST,275,0,business,17:10,23:45,10540.53,2024-01-12,Winter
TAP Portugal,CMN,PAR,550,1,business,11:25,21:35,2932.02,2024-05-29,Spring
Iberia,CMN,PAR,320,1,business,10:15,16:35,4067.7,2024-03-17,Spring
Pegasus Airlines,CMN,IST,285,0,economy,00:10,06:55,1665.3,2024-10-19,Autumn
Royal Air Maroc,CMN,IST,280,0,economy,17:00,23:40,5812.17,2024-05-29,Spring
Egypt Air,CMN,IST,515,1,business,13:30,00:05,10024.56,2024-04-18,Spring
ITA Airways,CMN,ROM,190,0,business,13:00,16:10,10043.67,2024-02-10,Winter
TAP Portugal,CMN,ROM,385,1,business,12:20,18:45,3677.31,2024-02-10,Winter
TAP Portugal,CMN,IST,945,2,economy,17:00,10:45,3142.23,2024-07-04,Summer
Air France,CMN,PAR,185,0,economy,10:20,14:25,1425.06,2024-06-01,Summer
Royal Air Maroc,CMN,IST,745,1,economy,13:40,04:05,2942.94,2024-07-04,Summer
Iberia,CMN,ROM,365,1,economy,13:35,19:40,3000.27,2024-02-10,Winter
Tunisair,CMN,ROM,400,1,business,02:35,09:15,6360.9,2023-12-04,Winter
Iberia,CMN,ROM,420,1,economy,16:05,00:05,2538.9,2024-03-17,Spring
Lufthansa,CMN,ROM,390,1,business,02:25,08:55,7835.1,2023-12-04,Winter
Iberia,CMN,ROM,360,1,business,12:40,19:40,4447.17,2024-10-19,Autumn
Royal Air Maroc,CMN,PAR,360,1,economy,17:05,23:05,2274.09,2023-12-04,Winter
TAP Portugal,CMN,PAR,500,1,business,12:20,21:40,2929.29,2024-03-17,Spring
TAP Portugal,CMN,PAR,300,1,business,17:00,23:00,2932.02,2024-06-01,Summer
TAP Portugal,CMN,ROM,1130,1,business,17:00,12:50,4638.2699999999995,2024-04-18,Spring
Air France,CMN,ROM,375,1,economy,10:20,17:35,4340.7,2024-10-19,Autumn
Kuwait Airways,CMN,IST,1360,1,business,12:40,13:20,18291.0,2024-07-04,Summer
Turkish Airlines,CMN,IST,280,0,business,17:00,23:40,11356.8,2024-07-04,Summer
Royal Air Maroc,CMN,PAR,180,0,economy,08:15,11:15,1438.71,2024-02-10,Winter
TAP Portugal,CMN,PAR,385,1,business,12:20,19:45,2918.37,2024-03-17,Spring
Royal Air Maroc,CMN,IST,285,0,economy,09:55,16:40,3753.75,2024-02-10,Winter
Air France,CMN,PAR,185,0,economy,10:20,14:25,1708.98,2024-05-29,Spring
Iberia,CMN,ROM,505,1,economy,10:15,19:40,2937.48,2024-03-17,Spring
TAP Portugal,CMN,ROM,1510,1,economy,17:00,19:10,2156.7,2024-10-19,Autumn
Air France,CMN,ROM,570,1,economy,08:10,17:40,3423.42,2024-11-05,Autumn
Royal Air Maroc,CMN,PAR,175,0,economy,08:00,11:55,3194.1,2024-08-16,Summer
Iberia,CMN,PAR,390,1,economy,12:40,20:10,1941.03,2024-08-16,Summer
Royal Air Maroc,CMN,PAR,170,0,business,12:20,15:10,6893.25,2024-02-10,Winter
Lufthansa,CMN,PAR,520,2,economy,14:20,23:00,2828.28,2024-11-05,Autumn
Iberia,CMN,ROM,460,2,business,09:35,18:15,8654.1,2024-03-17,Spring
Transavia France,CMN,PAR,195,0,economy,19:15,22:30,1561.56,2023-12-04,Winter
Transavia France,CMN,IST,500,1,economy,11:30,21:50,2749.11,2024-05-29,Spring
TAP Portugal,CMN,ROM,365,1,economy,17:00,00:05,1072.89,2024-06-01,Summer
Royal Air Maroc,CMN,PAR,165,0,economy,12:20,16:05,1438.71,2024-10-19,Autumn
Egypt Air,CMN,IST,1445,1,business,00:45,02:50,8662.289999999999,2024-08-16,Summer
Royal Air Maroc,CMN,PAR,170,0,business,12:20,16:10,6879.6,2024-05-29,Spring
Royal Air Maroc,CMN,PAR,115,0,business,08:10,11:05,6472.83,2024-03-17,Spring
Royal Air Maroc,CMN,IST,480,1,economy,12:55,22:55,2874.69,2024-06-01,Summer
Iberia,CMN,ROM,360,1,economy,12:40,19:40,4258.8,2024-09-03,Autumn
Transavia France,CMN,PAR,180,0,economy,11:15,15:15,707.07,2024-10-19,Autumn
KLM,CMN,ROM,660,2,business,08:10,19:10,8561.28,2024-11-05,Autumn
Air France,CMN,ROM,380,1,business,15:50,23:10,9576.84,2024-04-18,Spring
Royal Air Maroc,CMN,PAR,115,0,economy,14:10,17:05,1496.04,2024-03-17,Spring
Royal Air Maroc,CMN,PAR,170,0,business,12:20,16:10,6855.03,2024-09-03,Autumn
Kuwait Airways,CMN,IST,880,1,business,12:40,05:20,23532.6,2024-06-01,Summer
TAP Portugal,CMN,ROM,1510,1,business,17:00,19:10,3838.38,2024-06-01,Summer
Royal Air Maroc,CMN,PAR,170,0,business,10:20,14:10,6464.64,2024-04-18,Spring
Royal Air Maroc,CMN,IST,490,1,economy,07:55,18:05,2874.69,2024-06-01,Summer
TAP Portugal,CMN,ROM,635,1,business,12:20,23:55,2691.78,2024-03-17,Spring
Royal Air Maroc,CMN,ROM,415,1,economy,03:10,11:05,5645.64,2024-09-03,Autumn
Air France,CMN,IST,490,1,economy,08:10,19:20,3210.48,2024-03-17,Spring
Tunisair,CMN,IST,345,1,economy,02:35,11:20,2781.87,2024-03-17,Spring
TAP Portugal,CMN,IST,1275,2,economy,17:00,16:15,2200.38,2024-07-04,Summer
Air France,CMN,PAR,195,0,business,19:15,22:30,8736.0,2024-02-10,Winter
Royal Air Maroc,CMN,PAR,115,0,business,18:30,21:25,6879.6,2024-03-17,Spring
Turkish Airlines,CMN,IST,215,0,economy,17:10,23:45,3901.17,2024-03-17,Spring
Royal Air Maroc,CMN,PAR,170,0,business,14:15,18:05,6863.22,2024-10-19,Autumn
Turkish Airlines,CMN,IST,215,0,business,17:10,23:45,10540.53,2024-03-17,Spring
Royal Air Maroc,CMN,ROM,190,0,economy,13:00,16:10,1739.01,2024-01-12,Winter
Emirates,CMN,IST,1220,1,business,14:45,13:05,21837.27,2024-06-01,Summer
Air France,CMN,PAR,195,0,business,16:35,19:50,11343.15,2023-12-04,Winter
Pegasus Airlines,CMN,IST,285,0,economy,01:10,07:55,2405.13,2024-02-10,Winter
Iberia,CMN,ROM,580,2,economy,10:00,19:40,2839.2,2024-01-12,Winter
Royal Air Maroc,CMN,PAR,170,0,business,08:10,12:00,6464.64,2024-04-18,Spring
Air France,CMN,ROM,390,1,economy,08:10,14:40,2828.28,2023-12-04,Winter
Air France,CMN,ROM,380,1,business,11:20,17:40,9576.84,2023-12-04,Winter
Royal Air Maroc,CMN,PAR,170,0,economy,03:10,07:00,1438.71,2024-07-04,Summer
KLM,CMN,IST,1340,2,economy,16:35,16:55,2118.48,2023-12-04,Winter
Air France,CMN,ROM,375,1,economy,10:20,17:35,6751.29,2024-09-03,Autumn
Qatar Airways,CMN,IST,1260,1,business,14:10,13:10,24488.1,2024-09-03,Autumn
Royal Air Maroc,CMN,PAR,175,0,economy,13:25,17:20,1395.03,2024-05-29,Spring
Air France,CMN,PAR,135,0,economy,16:35,19:50,1730.82,2024-03-17,Spring
Egypt Air,CMN,IST,680,1,business,13:30,02:50,8471.19,2024-08-16,Summer
Lufthansa,CMN,ROM,425,1,economy,01:15,09:20,4266.99,2024-04-18,Spring
Royal Air Maroc,CMN,IST,280,0,economy,17:00,23:40,5724.81,2024-06-01,Summer
Royal Air Maroc,CMN,PAR,175,0,economy,14:10,17:05,1542.45,2024-11-05,Autumn
Royal Air Maroc,CMN,ROM,130,0,economy,13:00,16:10,1457.82,2024-03-17,Spring
Air France,CMN,PAR,135,0,business,19:15,22:30,8736.0,2024-03-17,Spring
Turkish Airlines,CMN,IST,280,0,business,17:00,23:40,11141.13,2024-10-19,Autumn
Tunisair,CMN,PAR,405,1,business,02:00,09:45,6147.96,2024-04-18,Spring
Royal Air Maroc,CMN,PAR,175,0,economy,13:25,17:20,3194.1,2024-08-16,Summer
Turkish Airlines,CMN,IST,285,0,business,09:55,16:40,16855.02,2024-02-10,Winter
Royal Air Maroc,CMN,IST,935,1,economy,12:30,06:05,3213.21,2024-07-04,Summer
Emirates,CMN,IST,1220,1,business,14:45,13:05,21820.89,2024-07-04,Summer
Egypt Air,CMN,IST,945,1,business,23:05,17:50,8121.75,2024-03-17,Spring
Egypt Air,CMN,IST,835,1,business,00:55,17:50,8424.78,2024-03-17,Spring
TAP Portugal,CMN,ROM,1465,1,business,11:25,12:50,3985.8,2024-08-16,Summer
Iberia,CMN,PAR,610,1,business,13:35,23:45,3802.89,2023-12-04,Winter
Iberia,CMN,ROM,360,1,business,12:40,19:40,5230.68,2024-04-18,Spring
TAP Portugal,CMN,PAR,610,1,economy,11:30,21:40,1097.46,2024-01-12,Winter
Royal Air Maroc,CMN,IST,530,1,economy,12:40,23:30,4586.4,2024-07-04,Summer
Egypt Air,CMN,IST,715,1,business,23:05,13:00,8116.29,2024-02-10,Winter
Air France,CMN,PAR,185,0,economy,07:30,11:35,3761.94,2024-08-16,Summer
Emirates,CMN,IST,1300,1,business,14:45,14:25,22500.66,2024-07-04,Summer
Royal Air Maroc,CMN,PAR,175,0,economy,13:25,17:20,1441.44,2024-06-01,Summer
TAP Portugal,CMN,PAR,305,1,business,16:55,23:00,2929.29,2024-03-17,Spring
Air France,CMN,PAR,195,0,economy,19:15,22:30,1299.48,2024-02-10,Winter
TAP Portugal,CMN,ROM,700,1,business,11:25,00:05,2691.78,2024-05-29,Spring
Iberia,CMN,ROM,420,1,economy,10:15,18:15,2937.48,2024-03-17,Spring
Royal Air Maroc,CMN,ROM,350,1,economy,14:50,20:40,2224.95,2024-01-12,Winter
Air France,CMN,PAR,185,0,economy,07:30,11:35,2582.58,2024-10-19,Autumn
Transavia France,CMN,ROM,1415,1,economy,19:25,20:00,1946.49,2024-06-01,Summer
TAP Portugal,CMN,ROM,1315,1,business,11:25,10:20,3794.7,2024-05-29,Spring
Egypt Air,CMN,IST,1290,1,business,13:30,13:00,8408.4,2024-04-18,Spring
Lufthansa,CMN,IST,590,1,business,01:15,13:05,9063.6,2024-10-19,Autumn
Transavia France,CMN,IST,905,1,economy,19:25,12:30,2380.56,2024-06-01,Summer
Air France,CMN,IST,1190,1,business,19:15,17:05,6027.84,2024-02-10,Winter
Air France,CMN,PAR,180,0,business,15:50,19:50,8736.0,2024-07-04,Summer
Egypt Air,CMN,IST,900,1,business,13:30,06:30,15036.84,2024-05-29,Spring
Royal Air Maroc,CMN,PAR,170,0,economy,14:15,18:05,1504.23,2024-10-19,Autumn
Air France,CMN,PAR,185,0,economy,10:20,14:25,4646.46,2024-09-03,Autumn
Royal Air Maroc,CMN,PAR,175,0,business,16:15,19:10,6467.37,2024-01-12,Winter
Air France,CMN,ROM,475,1,economy,10:20,19:15,2915.64,2024-06-01,Summer
Iberia,CMN,ROM,360,1,economy,12:40,19:40,3603.6,2024-05-29,Spring
Air Arabia Maroc,CMN,IST,280,0,economy,16:40,23:20,3210.48,2024-09-03,Autumn
Air France,CMN,PAR,135,0,business,16:35,19:50,8736.0,2024-03-17,Spring
British Airways,CMN,IST,1150,2,business,18:35,15:45,13022.1,2024-06-01,Summer
Kuwait Airways,CMN,IST,1175,1,business,12:40,10:15,23532.6,2024-09-03,Autumn
Iberia,CMN,ROM,305,1,economy,19:00,00:05,3057.6,2023-12-04,Winter
Air France,CMN,ROM,1150,1,business,16:35,11:45,5490.03,2024-01-12,Winter
TAP Portugal,CMN,ROM,1375,1,business,16:50,15:45,2754.57,2024-02-10,Winter
TAP Portugal,CMN,ROM,1365,1,economy,17:00,16:45,1665.3,2024-05-29,Spring
Air France,CMN,ROM,330,1,business,08:10,14:40,9593.22,2024-03-17,Spring
Royal Air Maroc,CMN,PAR,175,0,economy,08:00,11:55,4539.99,2024-09-03,Autumn
Kuwait Airways,CMN,IST,1420,1,business,12:40,14:20,15511.86,2024-07-04,Summer
Lufthansa,CMN,ROM,425,1,business,01:15,09:20,7862.4,2024-10-19,Autumn
Royal Air Maroc,CMN,IST,265,0,economy,10:15,16:40,3677.31,2024-06-01,Summer
Etihad Airways,CMN,IST,1130,1,economy,09:25,06:15,6688.5,2024-10-19,Autumn
TAP Portugal,CMN,PAR,470,1,economy,11:25,20:15,990.99,2024-06-01,Summer
Iberia,CMN,ROM,480,1,business,16:05,00:05,4395.3,2023-12-04,Winter
Royal Air Maroc,CMN,PAR,170,0,business,08:10,12:00,6464.64,2024-10-19,Autumn
Lufthansa,CMN,ROM,425,1,economy,01:15,09:20,4559.1,2024-10-19,Autumn
Royal Air Maroc,CMN,PAR,170,0,economy,14:15,18:05,1793.61,2024-04-18,Spring
Tunisair,CMN,ROM,405,1,business,02:35,09:20,6360.9,2024-02-10,Winter
Air Arabia Maroc,CMN,IST,280,0,economy,18:00,00:40,3210.48,2024-08-16,Summer
Egypt Air,CMN,IST,690,1,business,23:05,13:35,9563.19,2024-03-17,Spring
Royal Air Maroc,CMN,IST,535,1,economy,10:15,21:10,3270.54,2024-02-10,Winter
Air France,CMN,PAR,195,0,business,08:10,11:25,8736.0,2024-02-10,Winter
Air Arabia Maroc,CMN,IST,585,1,economy,07:00,18:45,2678.13,2024-04-18,Spring
Pegasus Airlines,CMN,IST,285,0,economy,00:10,06:55,1654.3799999999999,2024-06-01,Summer
Air Arabia Maroc,CMN,IST,280,0,economy,15:50,23:30,2205.84,2024-03-17,Spring
Iberia,CMN,ROM,360,1,economy,12:40,19:40,4258.8,2024-08-16,Summer
Lufthansa,CMN,IST,590,1,business,01:15,13:05,9063.6,2024-06-01,Summer
Lufthansa,CMN,ROM,500,2,economy,14:20,22:40,2811.9,2024-11-05,Autumn
TAP Portugal,CMN,ROM,1385,1,business,12:20,11:25,2754.57,2024-02-10,Winter
TAP Portugal,CMN,ROM,1700,1,business,11:25,16:45,6060.6,2024-08-16,Summer
Royal Air Maroc,CMN,PAR,170,0,economy,18:35,22:25,1506.96,2024-06-01,Summer
Iberia,CMN,ROM,565,1,business,10:15,19:40,4417.14,2023-12-04,Winter
Royal Air Maroc,CMN,PAR,175,0,economy,16:15,19:10,1395.03,2024-01-12,Winter
Air Arabia Maroc,CMN,IST,280,0,economy,16:50,23:30,1853.67,2023-12-04,Winter
Iberia,CMN,PAR,290,1,business,12:40,18:30,3903.9,2024-07-04,Summer
Royal Air Maroc,CMN,IST,275,0,business,17:10,23:45,17532.06,2024-02-10,Winter
TAP Portugal,CMN,ROM,1115,1,economy,16:50,11:25,1310.4,2024-02-10,Winter
Air Arabia Maroc,CMN,IST,280,0,economy,16:40,23:20,1976.52,2024-06-01,Summer
Iberia,CMN,ROM,625,1,economy,12:40,00:05,2566.2,2024-07-04,Summer
Royal Air Maroc,CMN,PAR,170,0,economy,12:20,15:10,1485.12,2024-11-05,Autumn
KLM,CMN,IST,1180,2,business,19:15,16:55,7813.26,2023-12-04,Winter
Egypt Air,CMN,IST,715,1,business,23:05,13:00,8034.39,2023-12-04,Winter
Iberia,CMN,ROM,625,1,business,12:40,00:05,4447.17,2024-10-19,Autumn
Egypt Air,CMN,IST,550,1,business,13:35,00:45,9489.48,2023-12-04,Winter
TAP Portugal,CMN,ROM,850,2,economy,17:00,08:10,2577.12,2024-09-03,Autumn
Air France,CMN,ROM,465,1,economy,07:30,16:15,2457.0,2024-05-29,Spring
TAP Portugal,CMN,PAR,300,1,economy,17:00,23:00,988.26,2024-07-04,Summer
Air France,CMN,ROM,645,1,business,07:30,19:15,7589.4,2024-10-19,Autumn
TAP Portugal,CMN,IST,1190,3,economy,17:00,14:50,2522.52,2024-09-03,Autumn
TAP Portugal,CMN,ROM,640,2,economy,11:25,23:05,2683.59,2024-08-16,Summer
Iberia,CMN,PAR,500,1,economy,13:35,21:55,2096.64,2024-11-05,Autumn
Royal Air Maroc,CMN,PAR,180,0,economy,13:25,16:25,2547.09,2023-12-04,Winter
Turkish Airlines,CMN,IST,210,0,economy,10:10,16:40,6036.03,2024-03-17,Spring
Air France,CMN,ROM,375,1,business,10:20,17:35,5372.64,2024-05-29,Spring
Iberia,CMN,PAR,720,1,economy,10:15,22:15,1487.85,2024-01-12,Winter
Royal Air Maroc,CMN,PAR,180,0,economy,13:25,16:25,2077.53,2024-01-12,Winter
Air France,CMN,IST,1135,1,business,19:15,17:10,7330.05,2024-03-17,Spring
Air Arabia Maroc,CMN,IST,280,0,economy,16:40,23:20,1853.67,2024-05-29,Spring
Royal Air Maroc,CMN,IST,560,2,economy,16:00,04:20,3068.52,2024-03-17,Spring
TAP Portugal,CMN,ROM,700,1,economy,11:25,00:05,1638.0,2024-05-29,Spring
Pegasus Airlines,CMN,ROM,755,1,economy,00:10,13:45,3267.81,2024-08-16,Summer
Air France,CMN,ROM,465,1,business,07:30,16:15,9582.3,2024-10-19,Autumn
TAP Portugal,CMN,PAR,385,1,economy,12:20,19:45,1321.32,2024-03-17,Spring
Royal Air Maroc,CMN,PAR,170,0,business,14:15,18:05,6874.14,2024-06-01,Summer
Egypt Air,CMN,IST,550,1,business,13:35,00:45,9617.789999999999,2024-02-10,Winter
Lufthansa,CMN,IST,590,1,business,01:15,13:05,9063.6,2024-05-29,Spring
Turkish Airlines,CMN,IST,280,0,economy,17:00,23:40,3603.6,2024-10-19,Autumn
Royal Air Maroc,CMN,IST,280,0,economy,17:00,23:40,5812.17,2024-04-18,Spring
TAP Portugal,CMN,ROM,365,1,economy,17:00,00:05,2113.02,2024-08-16,Summer
Egypt Air,CMN,IST,615,1,business,00:45,13:00,8547.63,2024-10-19,Autumn
Royal Air Maroc,CMN,PAR,165,0,business,12:20,16:05,6882.33,2024-06-01,Summer
Lufthansa,CMN,ROM,400,1,economy,02:25,09:05,4488.12,2024-01-12,Winter
TAP Portugal,CMN,ROM,405,1,business,11:25,19:10,3761.94,2024-05-29,Spring
Lufthansa,CMN,ROM,500,1,business,14:20,22:40,4559.1,2024-02-10,Winter
Egypt Air,CMN,IST,1445,1,business,00:45,02:50,8670.48,2024-04-18,Spring
Iberia,CMN,PAR,245,1,economy,13:35,18:40,2628.99,2024-03-17,Spring
Air France,CMN,ROM,475,1,business,10:20,19:15,7589.4,2024-04-18,Spring
Air France,CMN,PAR,190,0,economy,11:20,14:30,3259.62,2023-12-04,Winter
Lufthansa,CMN,PAR,375,1,business,01:15,08:30,7998.9,2024-04-18,Spring
Royal Air Maroc,CMN,ROM,190,0,economy,13:00,16:10,1460.55,2024-02-10,Winter
Air France,CMN,ROM,380,1,economy,15:50,23:10,3382.47,2024-10-19,Autumn
Egypt Air,CMN,IST,605,1,business,00:55,13:00,8015.28,2023-12-04,Winter
Royal Air Maroc,CMN,IST,605,1,economy,10:00,22:05,2683.59,2024-05-29,Spring
Lufthansa,CMN,IST,1815,1,economy,14:20,22:35,3131.31,2024-11-05,Autumn
Tunisair,CMN,ROM,570,1,business,02:00,12:30,6360.9,2024-07-04,Summer
TAP Portugal,CMN,PAR,1135,1,business,16:50,11:45,2907.45,2024-02-10,Winter
Air France,CMN,ROM,465,1,business,07:30,16:15,5787.6,2024-05-29,Spring
Air Arabia Maroc,CMN,IST,280,0,economy,16:50,23:30,1635.27,2024-02-10,Winter
Royal Air Maroc,CMN,ROM,190,0,economy,13:00,16:10,1460.55,2024-11-05,Autumn
Royal Air Maroc,CMN,ROM,600,1,economy,12:40,23:40,2519.79,2024-08-16,Summer
Royal Air Maroc,CMN,PAR,170,0,business,18:35,22:25,6874.14,2024-06-01,Summer
Royal Air Maroc,CMN,PAR,175,0,business,08:10,11:05,6478.29,2024-02-10,Winter
Royal Air Maroc,CMN,ROM,185,0,business,12:35,16:40,7482.93,2024-10-19,Autumn
Royal Air Maroc,CMN,PAR,170,0,business,08:10,12:00,6464.64,2024-06-01,Summer
Air France,CMN,ROM,545,1,business,07:30,17:35,5397.21,2024-05-29,Spring
Emirates,CMN,IST,1220,1,business,14:45,13:05,21809.97,2024-09-03,Autumn
Tunisair,CMN,IST,1080,1,business,02:35,22:35,6606.6,2024-01-12,Winter
SAUDIA,CMN,IST,1055,1,economy,14:55,10:30,5296.2,2024-11-05,Autumn
Air France,CMN,PAR,185,0,business,07:30,11:35,8736.0,2024-05-29,Spring
Pegasus Airlines,CMN,ROM,580,1,economy,00:10,10:50,2096.64,2024-05-29,Spring
Egypt Air,CMN,IST,615,1,economy,00:45,13:00,3865.68,2024-09-03,Autumn
Royal Air Maroc,CMN,PAR,170,0,economy,14:15,18:05,4594.59,2024-09-03,Autumn
Royal Air Maroc,CMN,IST,265,0,business,10:15,16:40,8312.85,2024-04-18,Spring
Air Arabia Maroc,CMN,IST,280,0,economy,16:40,23:20,1779.96,2024-05-29,Spring
Air France,CMN,PAR,195,0,economy,19:15,22:30,2765.49,2023-12-04,Winter
Air Arabia Maroc,CMN,IST,495,1,economy,07:00,17:15,2899.2599999999998,2024-04-18,Spring
Lufthansa,CMN,ROM,400,1,business,02:25,09:05,6033.3,2024-01-12,Winter
Egypt Air,CMN,IST,490,1,business,13:35,00:45,9601.41,2024-03-17,Spring
Air France,CMN,ROM,475,1,business,10:20,19:15,6060.6,2024-06-01,Summer
Air Arabia Maroc,CMN,IST,665,1,economy,07:00,20:05,2260.44,2024-02-10,Winter
Iberia,CMN,PAR,335,1,business,13:35,20:10,3903.9,2024-03-17,Spring
Iberia,CMN,ROM,360,1,economy,12:40,19:40,3603.6,2024-06-01,Summer
Air France,CMN,ROM,380,1,business,15:50,23:10,9576.84,2024-07-04,Summer
Iberia,CMN,ROM,360,1,business,12:40,19:40,5099.64,2024-09-03,Autumn
Lufthansa,CMN,ROM,425,1,business,01:15,09:20,7862.4,2024-06-01,Summer
Air France,CMN,ROM,545,1,business,07:30,17:35,9582.3,2024-10-19,Autumn
Royal Air Maroc,CMN,PAR,170,0,business,03:10,07:00,6855.03,2024-09-03,Autumn
Turkish Airlines,CMN,IST,280,0,business,17:00,23:40,11171.16,2024-04-18,Spring
Egypt Air,CMN,IST,615,1,business,00:45,13:00,8446.62,2024-08-16,Summer
Egypt Air,CMN,IST,1270,1,economy,13:50,13:00,4174.17,2024-11-05,Autumn
Air France,CMN,PAR,185,0,business,07:30,11:35,8736.0,2024-09-03,Autumn
Turkish Airlines,CMN,IST,280,0,business,17:00,23:40,10540.53,2024-05-29,Spring
TAP Portugal,CMN,PAR,550,1,business,11:25,21:35,2932.02,2024-06-01,Summer
KLM,CMN,ROM,660,2,economy,08:10,19:10,2274.09,2024-11-05,Autumn
Air Arabia Maroc,CMN,IST,280,0,economy,18:00,00:40,3218.67,2024-07-04,Summer
Royal Air Maroc,CMN,IST,265,0,business,10:15,16:40,9716.07,2024-08-16,Summer
Pegasus Airlines,CMN,IST,285,0,economy,00:10,06:55,2544.36,2024-08-16,Summer
Iberia,CMN,ROM,970,1,business,19:00,11:10,4149.6,2024-01-12,Winter
TAP Portugal,CMN,PAR,370,1,business,16:50,23:00,2915.64,2024-02-10,Winter
TAP Portugal,CMN,PAR,470,1,economy,11:25,20:15,1173.9,2024-05-29,Spring
Royal Air Maroc,CMN,PAR,170,0,economy,03:10,07:00,4594.59,2024-09-03,Autumn
Air Arabia Maroc,CMN,IST,280,0,economy,16:50,23:30,1752.66,2024-02-10,Winter
Royal Air Maroc,CMN,PAR,175,0,business,13:25,17:20,6456.45,2024-09-03,Autumn
Royal Air Maroc,CMN,IST,275,0,business,17:10,23:45,17450.16,2023-12-04,Winter
Iberia,CMN,PAR,395,1,business,13:35,20:10,3789.24,2024-01-12,Winter
Royal Air Maroc,CMN,IST,210,0,economy,10:10,16:40,2536.17,2024-03-17,Spring
Air France,CMN,ROM,375,1,business,10:20,17:35,6115.2,2024-06-01,Summer
TAP Portugal,CMN,ROM,980,1,business,17:00,10:20,4630.08,2024-04-18,Spring
TAP Portugal,CMN,ROM,1465,1,business,11:25,12:50,2765.49,2024-06-01,Summer
Egypt Air,CMN,IST,900,1,business,13:30,06:30,9694.23,2024-04-18,Spring
KLM,CMN,IST,1340,2,economy,16:35,16:55,2115.75,2023-12-04,Winter
Egypt Air,CMN,IST,890,1,business,00:45,17:35,8544.9,2024-04-18,Spring
Egypt Air,CMN,IST,590,1,economy,01:10,13:00,4357.08,2024-01-12,Winter
Egypt Air,CMN,IST,615,1,economy,00:45,13:00,3865.68,2024-08-16,Summer
TAP Portugal,CMN,ROM,675,2,economy,11:25,23:40,2345.07,2024-08-16,Summer
TAP Portugal,CMN,ROM,980,1,economy,17:00,10:20,2115.75,2024-07-04,Summer
Air Arabia Maroc,CMN,IST,485,1,economy,12:10,23:15,2345.07,2024-03-17,Spring
Egypt Air,CMN,IST,615,1,economy,00:45,13:00,3873.87,2024-04-18,Spring
Emirates,CMN,IST,1450,1,business,14:45,16:55,22500.66,2024-09-03,Autumn
British Airways,CMN,PAR,550,2,business,12:40,22:50,10401.3,2024-07-04,Summer
Kuwait Airways,CMN,IST,1100,1,business,12:40,09:00,23532.6,2024-07-04,Summer
Air France,CMN,ROM,465,1,business,07:30,16:15,12394.2,2024-09-03,Autumn
Air France,CMN,IST,575,1,economy,15:50,03:25,3226.86,2024-09-03,Autumn
Royal Air Maroc,CMN,PAR,175,0,economy,18:30,21:25,1542.45,2023-12-04,Winter
Iberia,CMN,PAR,390,1,business,12:40,20:10,4722.9,2024-04-18,Spring
Kuwait Airways,CMN,IST,730,1,business,19:30,10:40,13513.5,2024-03-17,Spring
TAP Portugal,CMN,ROM,1510,1,economy,17:00,19:10,1255.8,2024-04-18,Spring
Egypt Air,CMN,IST,615,1,economy,13:35,02:50,6016.92,2024-03-17,Spring
Air France,CMN,IST,575,1,business,15:50,03:25,5116.0199999999995,2024-08-16,Summer
TAP Portugal,CMN,ROM,405,1,business,11:25,19:10,3958.5,2024-08-16,Summer
Iberia,CMN,PAR,605,1,business,12:40,23:45,3772.86,2024-09-03,Autumn
Royal Air Maroc,CMN,ROM,185,0,business,12:35,16:40,8615.88,2024-07-04,Summer
Emirates,CMN,IST,1215,1,economy,15:05,13:20,5301.66,2024-11-05,Autumn
Royal Air Maroc,CMN,IST,515,1,economy,13:05,23:40,2951.13,2024-05-29,Spring
Turkish Airlines,CMN,IST,285,0,business,09:55,16:40,16855.02,2024-01-12,Winter
Egypt Air,CMN,IST,1565,1,business,13:30,17:35,8441.16,2024-04-18,Spring
Turkish Airlines,CMN,IST,275,0,economy,17:10,23:45,3450.72,2024-01-12,Winter
Royal Air Maroc,CMN,ROM,185,0,business,12:35,16:40,7007.91,2024-05-29,Spring
Lufthansa,CMN,IST,1085,1,business,01:15,21:20,7570.29,2024-05-29,Spring
British Airways,CMN,IST,1275,2,business,18:35,17:50,11384.1,2024-06-01,Summer
Lufthansa,CMN,ROM,500,1,economy,14:20,22:40,1987.44,2024-11-05,Autumn
Egypt Air,CMN,IST,1435,1,business,00:55,02:50,8078.07,2023-12-04,Winter
Egypt Air,CMN,IST,1560,1,economy,13:50,17:50,4146.87,2024-11-05,Autumn
TUI Fly Belgium,CMN,PAR,210,0,economy,07:15,10:45,977.34,2024-02-10,Winter
Royal Air Maroc,CMN,PAR,165,0,economy,12:20,16:05,1739.01,2024-04-18,Spring
Tunisair,CMN,IST,1115,1,business,02:00,22:35,6661.2,2024-05-29,Spring
Royal Air Maroc,CMN,PAR,115,0,economy,18:30,21:25,1496.04,2024-03-17,Spring
Air France,CMN,ROM,380,1,business,15:50,23:10,6060.6,2024-08-16,Summer
Iberia,CMN,PAR,395,1,economy,13:35,20:10,1744.47,2024-11-05,Autumn
TAP Portugal,CMN,ROM,1655,1,business,12:20,15:55,2746.38,2023-12-04,Winter
Air France,CMN,ROM,330,1,economy,08:10,14:40,2274.09,2024-03-17,Spring
Air Arabia Maroc,CMN,IST,595,1,economy,07:20,19:15,2246.79,2024-01-12,Winter
Iberia,CMN,ROM,570,1,economy,13:35,00:05,2547.09,2024-03-17,Spring
Qatar Airways,CMN,IST,785,1,business,20:40,11:45,23232.3,2024-05-29,Spring
Air France,CMN,PAR,135,0,business,08:10,11:25,8736.0,2024-03-17,Spring
Air France,CMN,PAR,195,0,business,16:35,19:50,8736.0,2024-01-12,Winter
Egypt Air,CMN,IST,1290,1,business,13:30,13:00,8615.88,2024-05-29,Spring
Air France,CMN,ROM,1295,1,economy,18:20,16:55,2571.66,2024-07-04,Summer
Royal Air Maroc,CMN,PAR,165,0,economy,12:20,16:05,3207.75,2024-08-16,Summer
Egypt Air,CMN,IST,550,1,economy,13:35,00:45,6975.15,2024-01-12,Winter
Iberia,CMN,ROM,420,1,business,16:05,00:05,4395.3,2024-03-17,Spring
Royal Air Maroc,CMN,IST,265,0,economy,10:15,16:40,4965.87,2024-08-16,Summer
Iberia,CMN,ROM,1135,1,business,19:00,13:55,4264.26,2024-01-12,Winter
Royal Air Maroc,CMN,ROM,475,1,economy,12:10,20:05,2675.4,2023-12-04,Winter
TAP Portugal,CMN,ROM,1130,1,business,17:00,12:50,3958.5,2024-08-16,Summer
Transavia France,CMN,PAR,905,1,economy,20:35,11:40,1236.69,2024-02-10,Winter
Air France,CMN,ROM,390,1,economy,08:10,14:40,2274.09,2024-11-05,Autumn
Lufthansa,CMN,IST,1085,1,economy,01:15,21:20,5187.0,2024-10-19,Autumn
Tunisair,CMN,ROM,570,1,business,02:00,12:30,6360.9,2024-04-18,Spring
Royal Air Maroc,CMN,ROM,185,0,economy,12:35,16:40,3458.91,2024-09-03,Autumn
Tunisair,CMN,IST,405,1,business,02:35,11:20,6543.81,2024-01-12,Winter
Emirates,CMN,IST,1300,1,business,14:45,14:25,22500.66,2024-09-03,Autumn
Royal Air Maroc,CMN,PAR,170,0,business,12:20,15:10,6868.68,2024-01-12,Winter
Lufthansa,CMN,IST,1090,1,business,02:25,22:35,5296.2,2024-01-12,Winter
Royal Air Maroc,CMN,PAR,175,0,economy,08:10,11:05,2623.53,2023-12-04,Winter
TAP Portugal,CMN,ROM,1510,1,economy,17:00,19:10,1334.97,2024-09-03,Autumn
Air France,CMN,ROM,380,1,economy,15:50,23:10,2675.4,2024-06-01,Summer
TAP Portugal,CMN,PAR,550,1,economy,11:25,21:35,1872.78,2024-08-16,Summer
Air Arabia Maroc,CMN,IST,530,1,economy,08:55,19:45,2462.46,2024-05-29,Spring
Air Arabia Maroc,CMN,IST,515,1,economy,07:30,18:05,2740.92,2024-06-01,Summer
Air France,CMN,ROM,390,1,business,08:10,14:40,9576.84,2023-12-04,Winter
Egypt Air,CMN,IST,660,1,economy,13:50,02:50,4070.43,2024-11-05,Autumn
Tunisair,CMN,IST,445,1,business,02:00,11:25,6579.3,2024-05-29,Spring
TAP Portugal,CMN,PAR,640,1,business,12:20,23:00,2915.64,2024-02-10,Winter
Air France,CMN,PAR,195,0,business,08:10,11:25,8736.0,2024-01-12,Winter
Lufthansa,CMN,IST,590,1,business,01:15,13:05,9063.6,2024-09-03,Autumn
Iberia,CMN,PAR,305,1,business,13:35,18:40,3770.13,2024-02-10,Winter
Air Arabia Maroc,CMN,IST,550,1,economy,06:50,18:00,2735.46,2024-02-10,Winter
Turkish Airlines,CMN,IST,275,0,economy,17:10,23:45,3442.53,2024-02-10,Winter
TAP Portugal,CMN,ROM,675,2,economy,11:25,23:40,2345.07,2024-08-16,Summer
Egypt Air,CMN,IST,605,1,economy,00:55,13:00,3931.2,2024-01-12,Winter
Royal Air Maroc,CMN,ROM,515,1,business,14:10,22:45,10485.93,2024-11-05,Autumn
Transavia France,CMN,IST,515,1,economy,11:15,21:50,2871.96,2024-06-01,Summer
TAP Portugal,CMN,ROM,405,1,economy,11:25,19:10,3306.03,2024-08-16,Summer
Royal Air Maroc,CMN,PAR,180,0,economy,13:25,16:25,1438.71,2024-02-10,Winter
KLM,CMN,IST,1180,2,economy,19:15,16:55,2143.05,2023-12-04,Winter
ITA Airways,CMN,ROM,190,0,economy,13:00,16:10,2503.41,2024-01-12,Winter
Royal Air Maroc,CMN,PAR,170,0,economy,08:10,12:00,4641.0,2024-09-03,Autumn
TAP Portugal,CMN,ROM,980,1,business,17:00,10:20,3789.24,2024-05-29,Spring
TAP Portugal,CMN,ROM,700,1,business,11:25,00:05,3958.5,2024-08-16,Summer
Air France,CMN,ROM,710,1,economy,10:20,23:10,1911.0,2024-05-29,Spring
TAP Portugal,CMN,PAR,930,1,economy,17:00,09:30,996.45,2024-05-29,Spring
Air Arabia Maroc,CMN,ROM,490,1,economy,07:00,15:10,2391.48,2023-12-04,Winter
Egypt Air,CMN,IST,680,1,business,13:30,02:50,8640.45,2024-05-29,Spring
Transavia France,CMN,PAR,180,0,economy,11:15,15:15,1173.9,2024-06-01,Summer
Royal Air Maroc,CMN,ROM,185,0,business,12:35,16:40,7005.18,2024-06-01,Summer
TAP Portugal,CMN,ROM,365,1,business,17:00,00:05,3958.5,2024-08-16,Summer
Royal Air Maroc,CMN,PAR,170,0,economy,10:20,14:10,1739.01,2024-04-18,Spring
Air Arabia Maroc,CMN,IST,280,0,economy,18:00,00:40,3314.22,2024-07-04,Summer
Iberia,CMN,ROM,360,1,economy,12:40,19:40,3568.11,2024-04-18,Spring
SAUDIA,CMN,IST,790,1,business,19:10,10:20,15031.38,2024-04-18,Spring
Egypt Air,CMN,IST,675,1,business,13:35,02:50,8108.1,2024-02-10,Winter
TAP Portugal,CMN,ROM,1130,1,business,17:00,12:50,2724.54,2024-06-01,Summer
Royal Air Maroc,CMN,IST,270,0,economy,10:10,16:40,2675.4,2024-11-05,Autumn
Egypt Air,CMN,IST,615,1,business,00:45,13:00,8473.92,2024-04-18,Spring
Air Arabia Maroc,CMN,IST,280,0,economy,18:00,00:40,1853.67,2024-04-18,Spring
Egypt Air,CMN,IST,605,1,business,00:55,13:00,8356.53,2024-01-12,Winter
Air Arabia Maroc,CMN,ROM,460,1,economy,08:25,16:05,2143.05,2023-12-04,Winter
TAP Portugal,CMN,ROM,365,1,economy,17:00,00:05,1072.89,2024-07-04,Summer
TAP Portugal,CMN,PAR,1310,1,economy,17:00,15:50,816.27,2024-07-04,Summer
TAP Portugal,CMN,ROM,385,1,business,12:20,18:45,2661.75,2023-12-04,Winter
Transavia France,CMN,PAR,195,0,economy,18:15,22:30,862.68,2024-03-17,Spring
Lufthansa,CMN,IST,825,1,business,01:15,17:00,12175.8,2024-10-19,Autumn
TUI Fly Belgium,CMN,PAR,150,0,economy,07:00,10:30,1542.45,2024-03-17,Spring
Royal Air Maroc,CMN,IST,265,0,economy,10:15,16:40,3671.85,2024-07-04,Summer
Royal Air Maroc,CMN,PAR,170,0,economy,08:10,12:00,1850.94,2024-04-18,Spring
KLM,CMN,ROM,710,2,economy,11:20,23:10,2568.93,2024-11-05,Autumn
Air France,CMN,PAR,185,0,economy,10:20,14:25,1886.43,2024-10-19,Autumn
Lufthansa,CMN,IST,825,1,business,01:15,17:00,9063.6,2024-06-01,Summer
Royal Air Maroc,CMN,PAR,165,0,economy,12:20,16:05,1441.44,2024-06-01,Summer
Lufthansa,CMN,PAR,545,2,business,01:15,11:20,8490.3,2024-07-04,Summer
Kuwait Airways,CMN,IST,880,1,business,12:40,05:20,23532.6,2024-07-04,Summer
TAP Portugal,CMN,PAR,300,1,economy,17:00,23:00,821.73,2024-05-29,Spring
Iberia,CMN,ROM,625,1,economy,12:40,00:05,3568.11,2024-04-18,Spring
Qatar Airways,CMN,IST,1260,1,business,14:10,13:10,26579.28,2024-07-04,Summer
Royal Air Maroc,CMN,IST,280,0,economy,17:00,23:40,5681.13,2024-08-16,Summer
Iberia,CMN,PAR,290,1,economy,12:40,18:30,2978.43,2024-04-18,Spring
Royal Air Maroc,CMN,PAR,165,0,business,12:20,16:05,6876.87,2024-04-18,Spring
Egypt Air,CMN,ROM,695,1,business,00:55,12:30,8233.68,2023-12-04,Winter
Iberia,CMN,ROM,360,1,economy,13:35,19:35,1755.39,2024-11-05,Autumn
TAP Portugal,CMN,PAR,390,1,business,11:25,18:55,2926.56,2024-05-29,Spring
TAP Portugal,CMN,PAR,550,1,economy,11:25,21:35,816.27,2024-10-19,Autumn
Iberia,CMN,ROM,480,1,economy,10:15,18:15,2159.43,2024-01-12,Winter
Air France,CMN,PAR,180,0,business,15:50,19:50,8736.0,2024-04-18,Spring
Qatar Airways,CMN,IST,900,1,business,14:00,07:00,23232.3,2023-12-04,Winter
KLM,CMN,ROM,710,2,economy,11:20,23:10,2596.23,2024-11-05,Autumn
Air France,CMN,ROM,710,1,business,10:20,23:10,7589.4,2024-10-19,Autumn
British Airways,CMN,PAR,550,2,business,12:40,22:50,10401.3,2024-07-04,Summer
TAP Portugal,CMN,ROM,1025,2,economy,17:00,11:05,2598.96,2024-09-03,Autumn
Iberia,CMN,PAR,305,1,economy,13:35,18:40,2795.52,2023-12-04,Winter
Royal Air Maroc,CMN,IST,265,0,economy,10:15,16:40,3314.22,2024-04-18,Spring
Iberia,CMN,PAR,290,1,business,12:40,18:30,3772.86,2024-09-03,Autumn
TAP Portugal,CMN,PAR,470,1,economy,11:25,20:15,966.42,2024-10-19,Autumn
Egypt Air,CMN,IST,675,1,economy,13:35,02:50,3917.55,2023-12-04,Winter
Air France,CMN,IST,1190,1,business,19:15,17:05,5282.55,2024-01-12,Winter
Air France,CMN,PAR,180,0,business,18:20,22:20,8736.0,2024-04-18,Spring
Transavia France,CMN,ROM,620,1,economy,11:15,22:35,2588.04,2024-10-19,Autumn
TAP Portugal,CMN,ROM,365,1,business,17:00,00:05,4630.08,2024-04-18,Spring
Qatar Airways,CMN,IST,870,1,business,20:40,13:10,22822.8,2024-05-29,Spring
SAUDIA,CMN,IST,945,1,business,21:40,15:25,14916.72,2024-10-19,Autumn
Air France,CMN,PAR,195,0,business,16:35,19:50,8736.0,2024-11-05,Autumn
Royal Air Maroc,CMN,PAR,175,0,business,02:50,06:45,6456.45,2024-08-16,Summer
Air France,CMN,PAR,195,0,business,08:10,11:25,8736.0,2024-11-05,Autumn
Lufthansa,CMN,IST,1545,1,business,14:20,18:05,5662.0199999999995,2024-02-10,Winter
TAP Portugal,CMN,ROM,360,1,business,16:55,23:55,2702.7,2024-03-17,Spring
Iberia,CMN,PAR,370,1,economy,16:05,22:15,3205.02,2023-12-04,Winter
Kuwait Airways,CMN,IST,1175,1,business,12:40,10:15,23532.6,2024-07-04,Summer
Royal Air Maroc,CMN,PAR,115,0,business,14:10,17:05,6879.6,2024-03-17,Spring
TAP Portugal,CMN,IST,1225,2,economy,17:00,15:25,2809.17,2024-09-03,Autumn
Egypt Air,CMN,IST,605,1,economy,00:55,13:00,3928.47,2024-02-10,Winter
Egypt Air,CMN,IST,675,1,business,13:35,02:50,8498.49,2024-01-12,Winter
Air France,CMN,PAR,195,0,economy,19:15,22:30,2238.6,2024-01-12,Winter
TAP Portugal,CMN,ROM,1510,1,business,17:00,19:10,2765.49,2024-05-29,Spring
Pegasus Airlines,CMN,ROM,910,1,economy,01:10,16:20,1594.32,2023-12-04,Winter
Egypt Air,CMN,IST,615,1,business,13:35,02:50,8348.34,2024-03-17,Spring
Air Arabia Maroc,CMN,IST,280,0,economy,18:00,00:40,3314.22,2024-08-16,Summer
Air France,CMN,PAR,190,0,business,11:20,14:30,8736.0,2024-11-05,Autumn
TAP Portugal,CMN,ROM,1315,1,business,11:25,10:20,3958.5,2024-08-16,Summer
Iberia,CMN,ROM,420,1,business,10:15,18:15,6576.57,2024-03-17,Spring
TAP Portugal,CMN,ROM,1365,1,business,17:00,16:45,4681.95,2024-04-18,Spring
Kuwait Airways,CMN,IST,1360,1,business,12:40,13:20,18291.0,2024-06-01,Summer
Transavia France,CMN,IST,905,1,economy,19:25,12:30,3046.68,2024-10-19,Autumn
Air France,CMN,ROM,390,1,economy,08:10,14:40,2274.09,2024-02-10,Winter
Qatar Airways,CMN,IST,1175,1,business,14:10,11:45,25116.0,2024-07-04,Summer
Royal Air Maroc,CMN,PAR,170,0,economy,12:20,15:10,1395.03,2024-01-12,Winter
Air France,CMN,PAR,180,0,economy,18:20,22:20,1343.16,2024-07-04,Summer
TAP Portugal,CMN,ROM,1385,1,business,12:20,11:25,2740.92,2023-12-04,Winter
Iberia,CMN,PAR,510,1,economy,12:40,22:10,2981.16,2024-09-03,Autumn
TAP Portugal,CMN,PAR,500,1,economy,12:20,21:40,1556.1,2024-03-17,Spring
Emirates,CMN,IST,1710,1,business,14:45,21:15,21875.49,2024-09-03,Autumn
Air France,CMN,ROM,375,1,business,10:20,17:35,9576.84,2024-04-18,Spring
Iberia,CMN,ROM,365,1,business,13:35,19:40,4116.84,2024-01-12,Winter
Iberia,CMN,ROM,970,1,business,19:00,11:10,4149.6,2023-12-04,Winter
Air France,CMN,PAR,185,0,economy,07:30,11:35,5091.45,2024-09-03,Autumn
Air Arabia Maroc,CMN,IST,645,1,economy,06:00,18:45,1878.24,2024-06-01,Summer
Egypt Air,CMN,IST,570,1,business,00:45,12:15,9593.22,2024-04-18,Spring
Air France,CMN,PAR,195,0,economy,16:35,19:50,1739.01,2024-02-10,Winter
Royal Air Maroc,CMN,PAR,115,0,economy,12:20,15:15,1427.79,2024-03-17,Spring
Air France,CMN,PAR,195,0,business,16:35,19:50,8736.0,2024-02-10,Winter
Pegasus Airlines,CMN,IST,285,0,economy,00:10,06:55,1965.6,2024-05-29,Spring
SAUDIA,CMN,IST,1205,1,economy,16:45,14:50,5296.2,2024-11-05,Autumn
TAP Portugal,CMN,PAR,550,1,economy,11:25,21:35,990.99,2024-06-01,Summer
Iberia,CMN,ROM,495,2,economy,10:00,18:15,3057.6,2024-01-12,Winter
Royal Air Maroc,CMN,ROM,185,0,economy,12:35,16:40,1455.09,2024-10-19,Autumn
Air France,CMN,PAR,185,0,business,10:20,14:25,8736.0,2024-05-29,Spring
British Airways,CMN,IST,1350,2,business,18:35,19:05,11384.1,2024-06-01,Summer
Royal Air Maroc,CMN,IST,560,1,economy,13:40,01:00,4054.05,2024-07-04,Summer
Royal Air Maroc,CMN,IST,275,0,economy,17:10,23:45,5831.28,2024-01-12,Winter
Air France,CMN,ROM,390,1,economy,08:10,14:40,3611.79,2024-01-12,Winter
TAP Portugal,CMN,ROM,405,1,economy,11:25,19:10,1870.05,2024-05-29,Spring
TAP Portugal,CMN,PAR,550,1,business,11:25,21:35,4141.41,2024-08-16,Summer
Royal Air Maroc,CMN,PAR,170,0,business,12:20,15:10,12776.4,2023-12-04,Winter
Air France,CMN,PAR,185,0,business,07:30,11:35,8736.0,2024-06-01,Summer
Lufthansa,CMN,IST,590,1,economy,01:15,13:05,5711.16,2024-08-16,Summer
Iberia,CMN,PAR,305,1,economy,13:35,18:40,2672.67,2024-01-12,Winter
Royal Air Maroc,CMN,PAR,175,0,economy,13:25,17:20,2072.07,2024-04-18,Spring
Egypt Air,CMN,IST,1005,1,business,23:05,17:50,8154.51,2024-02-10,Winter
Royal Air Maroc,CMN,PAR,175,0,business,08:10,11:05,6450.99,2023-12-04,Winter
Tunisair,CMN,IST,345,1,business,02:35,11:20,6543.81,2024-03-17,Spring
Iberia,CMN,PAR,305,1,economy,13:35,18:40,2121.21,2024-02-10,Winter
Iberia,CMN,PAR,460,1,economy,16:05,23:45,1485.12,2024-01-12,Winter
Transavia France,CMN,IST,620,1,economy,11:15,23:35,3639.09,2024-10-19,Autumn
Kuwait Airways,CMN,IST,1360,1,business,12:40,13:20,18291.0,2024-09-03,Autumn
Air France,CMN,PAR,180,0,business,15:50,19:50,8736.0,2024-08-16,Summer
TAP Portugal,CMN,ROM,1130,1,economy,17:00,12:50,1793.61,2024-09-03,Autumn
Egypt Air,CMN,IST,605,1,business,00:55,13:00,8280.09,2024-02-10,Winter
Air Arabia Maroc,CMN,IST,280,0,economy,16:40,23:20,3314.22,2024-09-03,Autumn
Royal Air Maroc,CMN,IST,280,0,business,17:00,23:40,17507.49,2024-04-18,Spring
Transavia France,CMN,IST,1570,1,economy,11:15,15:25,3639.09,2024-10-19,Autumn
Air Arabia Maroc,CMN,IST,280,0,economy,15:50,23:30,2126.67,2024-03-17,Spring
Tunisair,CMN,ROM,340,1,business,02:35,09:15,6360.9,2024-03-17,Spring
Air France,CMN,PAR,185,0,business,10:20,14:25,8736.0,2024-07-04,Summer
Air France,CMN,IST,515,1,economy,08:10,19:45,3245.97,2024-03-17,Spring
Iberia,CMN,PAR,370,1,business,16:05,22:15,4037.67,2024-01-12,Winter
Pegasus Airlines,CMN,IST,285,0,economy,01:10,07:55,1976.52,2024-01-12,Winter
Iberia,CMN,ROM,1455,1,business,12:40,13:55,5263.44,2024-09-03,Autumn
Pegasus Airlines,CMN,ROM,580,1,economy,00:10,10:50,2096.64,2024-10-19,Autumn
Royal Air Maroc,CMN,PAR,175,0,business,14:10,17:05,6846.84,2023-12-04,Winter
Egypt Air,CMN,IST,545,1,business,00:55,13:00,8356.53,2024-03-17,Spring
Air France,CMN,IST,1665,1,economy,11:20,17:05,2274.09,2024-11-05,Autumn
Iberia,CMN,PAR,305,1,business,13:35,18:40,3775.59,2024-01-12,Winter
Royal Air Maroc,CMN,ROM,185,0,economy,12:35,16:40,1460.55,2024-05-29,Spring
Iberia,CMN,ROM,360,1,economy,12:40,19:40,3057.6,2024-07-04,Summer
Royal Air Maroc,CMN,IST,525,1,economy,08:00,18:45,2650.83,2024-04-18,Spring
Lufthansa,CMN,IST,590,1,business,01:15,13:05,9063.6,2024-07-04,Summer
Royal Air Maroc,CMN,PAR,120,0,business,13:25,16:25,6472.83,2024-03-17,Spring
Royal Air Maroc,CMN,ROM,885,1,economy,23:00,13:45,1318.59,2023-12-04,Winter
Royal Air Maroc,CMN,PAR,170,0,economy,18:35,22:25,1504.23,2024-10-19,Autumn
Lufthansa,CMN,ROM,695,1,business,01:15,13:50,8845.2,2024-09-03,Autumn
Royal Air Maroc,CMN,PAR,175,0,economy,13:25,17:20,1438.71,2024-10-19,Autumn
Royal Air Maroc,CMN,IST,490,1,economy,08:00,18:10,3033.03,2024-04-18,Spring
Lufthansa,CMN,IST,825,1,business,01:15,17:00,9063.6,2024-05-29,Spring
Iberia,CMN,ROM,1550,1,business,12:40,15:30,4477.2,2024-07-04,Summer
Egypt Air,CMN,IST,605,1,economy,00:55,13:00,3497.13,2023-12-04,Winter
Egypt Air,CMN,IST,590,1,business,01:10,13:00,8138.13,2024-01-12,Winter
TAP Portugal,CMN,ROM,705,1,business,12:20,00:05,2686.32,2024-02-10,Winter
Air France,CMN,ROM,475,1,economy,10:20,19:15,3931.2,2024-10-19,Autumn
Turkish Airlines,CMN,IST,280,0,economy,17:00,23:40,3972.15,2024-08-16,Summer
Royal Air Maroc,CMN,IST,265,0,economy,10:15,16:40,4957.68,2024-09-03,Autumn
TAP Portugal,CMN,ROM,405,1,business,11:25,19:10,2910.18,2024-10-19,Autumn
ITA Airways,CMN,ROM,190,0,business,13:00,16:10,10117.38,2024-01-12,Winter
Air France,CMN,PAR,185,0,economy,07:30,11:35,1343.16,2024-07-04,Summer
TAP Portugal,CMN,ROM,1510,1,economy,17:00,19:10,2577.12,2024-07-04,Summer
TAP Portugal,CMN,ROM,1325,1,economy,12:20,11:25,1083.81,2024-03-17,Spring
Qatar Airways,CMN,IST,870,1,business,20:40,13:10,24381.63,2024-06-01,Summer
Lufthansa,CMN,PAR,375,1,business,01:15,08:30,7998.9,2024-07-04,Summer
Transavia France,CMN,ROM,620,1,economy,11:15,22:35,2211.3,2024-06-01,Summer
Egypt Air,CMN,ROM,675,1,economy,00:45,13:00,4933.11,2024-09-03,Autumn
Multiple Airlines,CMN,ROM,1260,2,economy,16:15,13:15,1228.5,2023-12-04,Winter
Turkish Airlines,CMN,IST,285,0,economy,09:55,16:40,6052.41,2024-01-12,Winter
Royal Air Maroc,CMN,PAR,115,0,business,12:20,15:15,6844.11,2024-03-17,Spring
Air France,CMN,ROM,390,1,business,08:10,14:40,9645.09,2024-02-10,Winter
TAP Portugal,CMN,PAR,1040,1,business,16:50,10:10,2967.5099999999998,2024-11-05,Autumn
TAP Portugal,CMN,PAR,1135,1,business,16:50,11:45,2981.16,2024-11-05,Autumn
Royal Air Maroc,CMN,PAR,175,0,economy,08:10,11:05,1924.65,2024-02-10,Winter
Iberia,CMN,ROM,565,1,economy,10:15,19:40,1520.61,2024-01-12,Winter
TAP Portugal,CMN,ROM,1510,1,business,17:00,19:10,3841.11,2024-07-04,Summer
TAP Portugal,CMN,ROM,365,1,business,17:00,00:05,2683.59,2024-06-01,Summer
Kuwait Airways,CMN,IST,700,1,business,13:30,03:10,15945.93,2024-01-12,Winter
Iberia,CMN,ROM,460,2,economy,09:35,18:15,3630.9,2024-03-17,Spring
KLM,CMN,ROM,660,2,business,08:10,19:10,8591.31,2024-11-05,Autumn
Lufthansa,CMN,IST,590,1,business,01:15,13:05,9063.6,2024-08-16,Summer
Royal Air Maroc,CMN,PAR,175,0,economy,13:25,17:20,4539.99,2024-09-03,Autumn
Kuwait Airways,CMN,IST,1100,1,business,12:40,09:00,23532.6,2024-09-03,Autumn
Air Arabia Maroc,CMN,ROM,405,1,economy,07:35,15:20,3641.82,2024-08-16,Summer
Iberia,CMN,ROM,320,1,business,17:45,00:05,4280.64,2024-05-29,Spring
Air France,CMN,PAR,180,0,economy,18:20,22:20,2773.68,2024-04-18,Spring
KLM,CMN,IST,1340,2,economy,16:35,16:55,2137.59,2023-12-04,Winter
Air France,CMN,ROM,375,1,economy,10:20,17:35,2347.8,2024-05-29,Spring
Iberia,CMN,ROM,630,1,business,13:35,00:05,4125.03,2024-01-12,Winter
TAP Portugal,CMN,ROM,970,2,economy,17:00,10:10,2405.13,2024-09-03,Autumn
Royal Air Maroc,CMN,IST,275,0,business,17:10,23:45,17592.12,2024-01-12,Winter
Pegasus Airlines,CMN,ROM,615,1,economy,01:10,11:25,1594.32,2023-12-04,Winter
Air France,CMN,PAR,180,0,business,15:50,19:50,8736.0,2024-05-29,Spring
Royal Air Maroc,CMN,PAR,180,0,business,13:25,16:25,6450.99,2023-12-04,Winter
Transavia,CMN,PAR,640,1,economy,20:35,07:15,1097.46,2024-02-10,Winter
Emirates,CMN,IST,1450,1,economy,14:45,16:55,5503.68,2024-10-19,Autumn
TAP Portugal,CMN,ROM,365,1,business,17:00,00:05,2683.59,2024-05-29,Spring
Royal Air Maroc,CMN,PAR,170,0,business,16:50,20:40,6456.45,2024-08-16,Summer
Air France,CMN,PAR,185,0,business,10:20,14:25,8736.0,2024-10-19,Autumn
Air France,CMN,ROM,545,1,economy,07:30,17:35,2074.8,2024-05-29,Spring
Royal Air Maroc,CMN,PAR,455,1,economy,11:00,19:35,1449.6299999999999,2024-03-17,Spring
Qatar Airways,CMN,IST,785,1,business,20:40,11:45,24433.5,2024-08-16,Summer
TAP Portugal,CMN,ROM,980,1,business,17:00,10:20,3704.61,2024-09-03,Autumn
Egypt Air,CMN,IST,550,1,economy,13:35,00:45,6713.07,2024-02-10,Winter
Transavia France,CMN,ROM,890,1,economy,21:15,12:05,1700.79,2023-12-04,Winter
TAP Portugal,CMN,ROM,1510,1,business,17:00,19:10,3764.67,2024-09-03,Autumn
Iberia,CMN,ROM,1290,1,business,12:40,11:10,5178.81,2024-04-18,Spring
Royal Air Maroc,CMN,PAR,180,0,business,13:25,16:25,6472.83,2024-11-05,Autumn
TAP Portugal,CMN,PAR,930,1,economy,17:00,09:30,1124.76,2024-04-18,Spring
Royal Air Maroc,CMN,PAR,180,0,business,13:25,16:25,6489.21,2024-02-10,Winter
Turkish Airlines,CMN,IST,290,0,economy,09:50,16:40,6074.25,2023-12-04,Winter
Turkish Airlines,CMN,IST,280,0,economy,17:00,23:40,3985.8,2024-07-04,Summer
TAP Portugal,CMN,PAR,1300,1,business,16:50,14:30,2983.89,2024-11-05,Autumn
Royal Air Maroc,CMN,PAR,355,1,economy,08:00,14:55,1779.96,2024-04-18,Spring
TAP Portugal,CMN,PAR,550,1,economy,11:25,21:35,1173.9,2024-05-29,Spring
TAP Portugal,CMN,ROM,435,1,business,16:50,00:05,2708.16,2024-11-05,Autumn
Iberia,CMN,PAR,390,1,business,12:40,20:10,3903.9,2024-07-04,Summer
TAP Portugal,CMN,PAR,470,1,business,11:25,20:15,2923.83,2024-10-19,Autumn
Air France,CMN,ROM,465,1,business,07:30,16:15,9582.3,2024-08-16,Summer
Air France,CMN,PAR,180,0,economy,15:50,19:50,4357.08,2024-09-03,Autumn
TAP Portugal,CMN,PAR,370,1,economy,16:50,23:00,1883.7,2024-02-10,Winter
Air France,CMN,PAR,180,0,business,15:50,19:50,8736.0,2024-10-19,Autumn
Air France,CMN,ROM,375,1,business,10:20,17:35,9582.3,2024-10-19,Autumn
Royal Air Maroc,CMN,PAR,175,0,business,13:25,17:20,6464.64,2024-05-29,Spring
Royal Air Maroc,CMN,ROM,190,0,business,13:00,16:10,7007.91,2024-11-05,Autumn
Air Arabia Maroc,CMN,IST,280,0,economy,16:40,23:20,2328.69,2024-10-19,Autumn
Turkish Airlines,CMN,IST,280,0,economy,17:00,23:40,3974.88,2024-06-01,Summer
Iberia,CMN,ROM,605,2,business,09:35,19:40,11165.7,2024-01-12,Winter
Lufthansa,CMN,IST,590,1,economy,01:15,13:05,5121.48,2024-07-04,Summer
Air France,CMN,PAR,195,0,economy,08:10,11:25,1613.43,2024-11-05,Autumn
Egypt Air,CMN,ROM,680,1,business,01:10,12:30,10267.53,2024-01-12,Winter
Air France,CMN,ROM,820,1,business,18:20,09:00,5413.59,2024-07-04,Summer
Air France,CMN,IST,1190,1,economy,19:15,17:05,2648.1,2024-11-05,Autumn
TAP Portugal,CMN,ROM,435,1,business,11:30,18:45,2691.78,2024-01-12,Winter
Royal Air Maroc,CMN,PAR,170,0,business,08:10,12:00,6456.45,2024-08-16,Summer
Air France,CMN,ROM,465,1,economy,07:30,16:15,4725.63,2024-10-19,Autumn
Royal Air Maroc,CMN,IST,280,0,business,17:00,23:40,17425.59,2024-10-19,Autumn
Iberia,CMN,ROM,480,1,economy,16:05,00:05,1520.61,2024-01-12,Winter
TAP Portugal,CMN,PAR,445,1,business,12:20,19:45,2899.2599999999998,2024-02-10,Winter
TAP Portugal,CMN,PAR,470,1,business,11:25,20:15,4141.41,2024-08-16,Summer
Transavia,CMN,PAR,670,1,economy,21:15,08:25,1427.79,2024-01-12,Winter
TAP Portugal,CMN,PAR,300,1,business,17:00,23:00,5266.17,2024-04-18,Spring
Air France,CMN,PAR,185,0,business,07:30,11:35,8736.0,2024-04-18,Spring
TAP Portugal,CMN,IST,1485,2,economy,17:00,19:45,2416.05,2024-09-03,Autumn
Air Arabia Maroc,CMN,IST,540,1,economy,07:30,18:30,2667.21,2024-06-01,Summer
TAP Portugal,CMN,ROM,1130,1,business,17:00,12:50,3726.45,2024-09-03,Autumn
Royal Air Maroc,CMN,IST,815,1,economy,12:30,04:05,2942.94,2024-07-04,Summer
Iberia,CMN,ROM,630,1,economy,13:35,00:05,2391.48,2024-01-12,Winter
Air France,CMN,PAR,195,0,business,19:15,22:30,11343.15,2023-12-04,Winter
Royal Air Maroc,CMN,ROM,190,0,business,13:00,16:10,6994.26,2024-01-12,Winter
Royal Air Maroc,CMN,IST,480,1,economy,12:55,22:55,2874.69,2024-04-18,Spring
Air France,CMN,ROM,380,1,business,11:20,17:40,9533.16,2024-11-05,Autumn
Air France,CMN,ROM,570,1,economy,08:10,17:40,2274.09,2024-02-10,Winter
Air France,CMN,ROM,380,1,economy,15:50,23:10,3876.6,2024-07-04,Summer
TAP Portugal,CMN,PAR,300,1,business,17:00,23:00,2926.56,2024-10-19,Autumn
Egypt Air,CMN,IST,890,1,economy,00:45,17:35,3890.25,2024-09-03,Autumn
Air France,CMN,PAR,195,0,economy,16:35,19:50,2921.1,2023-12-04,Winter
Royal Air Maroc,CMN,PAR,170,0,economy,16:20,20:10,1438.71,2024-10-19,Autumn
Royal Air Maroc,CMN,IST,275,0,economy,17:10,23:45,5864.04,2023-12-04,Winter
Kuwait Airways,CMN,IST,880,1,business,12:40,05:20,13630.89,2024-04-18,Spring
Royal Air Maroc,CMN,ROM,185,0,economy,12:35,16:40,2577.12,2024-07-04,Summer
Iberia,CMN,ROM,565,1,business,10:15,19:40,4365.2699999999995,2024-02-10,Winter
Royal Air Maroc,CMN,IST,1420,2,economy,11:00,13:40,1362.27,2024-03-17,Spring
Iberia,CMN,ROM,625,1,economy,12:40,00:05,4258.8,2024-09-03,Autumn
TAP Portugal,CMN,ROM,1465,1,economy,11:25,12:50,1900.08,2024-06-01,Summer
Kuwait Airways,CMN,IST,1420,1,business,12:40,14:20,13508.039999999999,2024-06-01,Summer
Lufthansa,CMN,ROM,500,1,business,14:20,22:40,4548.18,2024-11-05,Autumn
Transavia France,CMN,PAR,180,0,economy,18:00,22:00,2716.35,2024-09-03,Autumn
Royal Air Maroc,CMN,IST,280,0,business,17:00,23:40,17403.75,2024-08-16,Summer
Tunisair,CMN,IST,1080,1,business,02:35,22:35,6606.6,2024-02-10,Winter
TAP Portugal,CMN,ROM,980,1,business,17:00,10:20,2710.89,2024-06-01,Summer
Air France,CMN,ROM,510,1,economy,08:10,17:40,2274.09,2024-03-17,Spring
Royal Air Maroc,CMN,PAR,175,0,business,13:25,17:20,6464.64,2024-04-18,Spring
Iberia,CMN,PAR,380,1,business,10:15,16:35,4037.67,2024-01-12,Winter
Air France,CMN,ROM,380,1,business,15:50,23:10,12394.2,2024-09-03,Autumn
Royal Air Maroc,CMN,PAR,165,0,business,12:20,16:05,6855.03,2024-08-16,Summer
Royal Air Maroc,CMN,PAR,175,0,economy,13:25,17:20,1395.03,2024-07-04,Summer
Royal Air Maroc,CMN,PAR,180,0,economy,13:25,16:25,1485.12,2024-11-05,Autumn
Air France,CMN,PAR,185,0,economy,07:30,11:35,1324.05,2024-06-01,Summer
Turkish Airlines,CMN,IST,280,0,business,17:00,23:40,11356.8,2024-09-03,Autumn
Royal Air Maroc,CMN,IST,265,0,economy,10:15,16:40,2549.82,2024-05-29,Spring
Lufthansa,CMN,ROM,695,1,business,01:15,13:50,6983.34,2024-07-04,Summer
TAP Portugal,CMN,PAR,690,1,business,11:30,23:00,2910.18,2024-01-12,Winter
TAP Portugal,CMN,PAR,610,1,business,11:30,21:40,2918.37,2024-01-12,Winter
TAP Portugal,CMN,PAR,300,1,economy,17:00,23:00,1365.0,2024-09-03,Autumn
Iberia,CMN,ROM,545,2,business,09:35,19:40,6852.3,2024-03-17,Spring
Air France,CMN,PAR,185,0,business,07:30,11:35,8736.0,2024-10-19,Autumn
Egypt Air,CMN,IST,1565,1,business,13:30,17:35,8692.32,2024-10-19,Autumn
Air France,CMN,ROM,465,1,economy,07:30,16:15,3412.5,2024-07-04,Summer
Egypt Air,CMN,IST,890,1,economy,00:45,17:35,3890.25,2024-08-16,Summer
Royal Air Maroc,CMN,IST,210,0,business,10:10,16:40,8258.25,2024-03-17,Spring
Air France,CMN,PAR,185,0,economy,07:30,11:35,1493.31,2024-05-29,Spring
Iberia,CMN,PAR,245,1,business,13:35,18:40,3944.85,2024-03-17,Spring
Royal Air Maroc,CMN,PAR,175,0,economy,18:30,21:25,1504.23,2024-02-10,Winter
Royal Air Maroc,CMN,IST,285,0,economy,09:55,16:40,2547.09,2024-01-12,Winter
Air France,CMN,PAR,180,0,business,18:20,22:20,8736.0,2024-10-19,Autumn
TAP Portugal,CMN,ROM,700,1,business,11:25,00:05,2691.78,2024-06-01,Summer
Air France,CMN,PAR,195,0,business,19:15,22:30,8736.0,2024-01-12,Winter
TAP Portugal,CMN,ROM,990,2,economy,17:00,10:30,2205.84,2024-08-16,Summer
Air France,CMN,PAR,195,0,business,19:15,22:30,8736.0,2024-11-05,Autumn
TAP Portugal,CMN,ROM,435,1,economy,16:50,00:05,990.99,2024-02-10,Winter
Iberia,CMN,ROM,360,1,business,12:40,19:40,4231.5,2024-06-01,Summer
Air France,CMN,PAR,135,0,economy,19:15,22:30,1580.67,2024-03-17,Spring
Tunisair,CMN,ROM,340,1,economy,02:35,09:15,2320.5,2024-03-17,Spring
Lufthansa,CMN,IST,590,1,economy,01:15,13:05,6928.74,2024-10-19,Autumn
Air France,CMN,IST,575,1,economy,15:50,03:25,2934.75,2024-04-18,Spring
Air Arabia Maroc,CMN,IST,280,0,economy,16:50,23:30,1752.66,2024-01-12,Winter
Royal Air Maroc,CMN,PAR,170,0,economy,12:20,15:10,1438.71,2024-02-10,Winter
TAP Portugal,CMN,ROM,1385,1,economy,12:20,11:25,1198.47,2024-02-10,Winter
Egypt Air,CMN,ROM,675,1,business,00:45,13:00,8331.96,2024-04-18,Spring
TAP Portugal,CMN,ROM,1115,1,business,16:50,11:25,2716.35,2024-02-10,Winter
Royal Air Maroc,CMN,PAR,170,0,business,14:15,18:05,6871.41,2024-04-18,Spring
TAP Portugal,CMN,ROM,365,1,business,17:00,00:05,3677.31,2024-09-03,Autumn
Royal Air Maroc,CMN,PAR,170,0,business,08:10,12:00,6456.45,2024-09-03,Autumn
KLM,CMN,ROM,660,2,economy,08:10,19:10,2246.79,2024-11-05,Autumn
Emirates,CMN,IST,1510,1,economy,14:45,17:55,5503.68,2024-10-19,Autumn
Royal Air Maroc,CMN,PAR,175,0,economy,18:30,21:25,1542.45,2024-11-05,Autumn
Air Arabia Maroc,CMN,IST,500,1,economy,07:20,17:40,2074.8,2024-01-12,Winter
Royal Air Maroc,CMN,PAR,165,0,economy,12:20,16:05,1395.03,2024-07-04,Summer
Tunisair,CMN,IST,440,1,economy,02:00,11:20,3076.71,2024-04-18,Spring
Egypt Air,CMN,ROM,675,1,business,00:45,13:00,8288.28,2024-09-03,Autumn
Air France,CMN,PAR,180,0,business,18:20,22:20,8736.0,2024-09-03,Autumn
Transavia France,CMN,PAR,180,0,economy,17:40,21:40,3368.82,2024-08-16,Summer
Air France,CMN,ROM,685,1,economy,11:20,22:45,2274.09,2024-11-05,Autumn
Tunisair,CMN,IST,435,1,economy,02:35,11:50,3827.46,2024-02-10,Winter
Royal Air Maroc,CMN,PAR,175,0,economy,02:50,06:45,1395.03,2024-07-04,Summer
Royal Air Maroc,CMN,PAR,955,1,economy,22:55,14:50,1064.7,2023-12-04,Winter
Turkish Airlines,CMN,IST,280,0,economy,17:00,23:40,3972.15,2024-09-03,Autumn
TAP Portugal,CMN,PAR,300,1,economy,17:00,23:00,816.27,2024-10-19,Autumn
Turkish Airlines,CMN,IST,290,0,business,09:50,16:40,16855.02,2023-12-04,Winter
Qatar Airways,CMN,IST,785,1,business,20:40,11:45,25225.2,2024-06-01,Summer
Emirates,CMN,IST,1300,1,economy,14:45,14:25,5503.68,2024-10-19,Autumn
TAP Portugal,CMN,ROM,1555,1,economy,16:50,18:45,1097.46,2024-11-05,Autumn
TAP Portugal,CMN,ROM,1365,1,economy,17:00,16:45,1864.59,2024-04-18,Spring
TAP Portugal,CMN,ROM,1115,1,business,16:50,11:25,2754.57,2024-11-05,Autumn
Air France,CMN,IST,905,1,business,10:20,03:25,5140.59,2024-08-16,Summer
Iberia,CMN,PAR,300,1,business,17:45,23:45,3903.9,2024-05-29,Spring
Egypt Air,CMN,IST,895,1,business,00:55,17:50,8173.62,2024-02-10,Winter
TAP Portugal,CMN,ROM,365,1,economy,17:00,00:05,1083.81,2024-10-19,Autumn
Egypt Air,CMN,IST,680,1,business,13:30,02:50,8296.47,2024-04-18,Spring
Multiple Airlines,CMN,IST,1110,2,economy,08:55,05:25,2432.43,2024-05-29,Spring
Royal Air Maroc,CMN,PAR,175,0,economy,02:50,06:45,4539.99,2024-09-03,Autumn
TAP Portugal,CMN,ROM,435,1,economy,11:30,18:45,2659.02,2024-01-12,Winter
Lufthansa,CMN,PAR,455,1,business,01:15,09:50,7998.9,2024-07-04,Summer
Royal Air Maroc,CMN,PAR,175,0,business,18:30,21:25,6887.79,2024-02-10,Winter
Etihad Airways,CMN,ROM,1240,1,business,09:25,07:05,43079.4,2024-10-19,Autumn
TAP Portugal,CMN,ROM,405,1,business,11:25,19:10,3761.94,2024-06-01,Summer
Royal Air Maroc,CMN,IST,280,0,economy,17:00,23:40,5724.81,2024-07-04,Summer
Air France,CMN,PAR,180,0,economy,15:50,19:50,3188.64,2024-04-18,Spring
Iberia,CMN,PAR,290,1,economy,12:40,18:30,3147.69,2024-09-03,Autumn
Air France,CMN,ROM,475,1,economy,10:20,19:15,4024.02,2024-07-04,Summer
Turkish Airlines,CMN,IST,275,0,economy,16:25,23:00,4586.4,2024-11-05,Autumn
Royal Air Maroc,CMN,PAR,175,0,business,14:10,17:05,6887.79,2024-02-10,Winter
TAP Portugal,CMN,PAR,930,1,economy,17:00,09:30,1160.25,2024-09-03,Autumn
Iberia,CMN,ROM,1290,1,business,12:40,11:10,5260.71,2024-09-03,Autumn
Royal Air Maroc,CMN,IST,865,1,economy,13:40,06:05,3213.21,2024-07-04,Summer
Egypt Air,CMN,IST,655,1,economy,23:05,13:00,5509.14,2024-03-17,Spring
Air France,CMN,PAR,180,0,economy,15:50,19:50,1733.55,2024-07-04,Summer
Iberia,CMN,PAR,605,1,business,12:40,23:45,4610.97,2024-04-18,Spring
Iberia,CMN,PAR,610,1,economy,13:35,23:45,1744.47,2024-11-05,Autumn
Lufthansa,CMN,ROM,620,1,business,01:15,12:35,6986.07,2024-07-04,Summer
Egypt Air,CMN,IST,580,1,business,00:55,13:35,9595.95,2024-03-17,Spring
Turkish Airlines,CMN,IST,275,0,business,17:10,23:45,10540.53,2024-02-10,Winter
TAP Portugal,CMN,ROM,700,1,economy,11:25,00:05,2113.02,2024-08-16,Summer
Gulf Air,CMN,IST,1200,1,business,08:00,06:00,20322.12,2024-06-01,Summer
British Airways,CMN,IST,1665,2,business,18:35,00:20+2,11384.1,2024-06-01,Summer
TAP Portugal,CMN,PAR,305,1,economy,16:55,23:00,2315.04,2024-03-17,Spring
Royal Air Maroc,CMN,PAR,335,1,economy,16:10,22:45,2052.96,2024-04-18,Spring
Tunisair,CMN,ROM,570,1,economy,02:00,12:30,2607.15,2024-04-18,Spring
Egypt Air,CMN,IST,675,1,economy,13:35,02:50,3887.52,2024-02-10,Winter
Iberia,CMN,PAR,395,1,business,13:35,20:10,4026.75,2024-11-05,Autumn
Air France,CMN,PAR,180,0,economy,15:50,19:50,2132.13,2024-10-19,Autumn
Iberia,CMN,ROM,320,1,economy,17:45,00:05,1173.9,2024-05-29,Spring
Iberia,CMN,ROM,545,2,business,09:35,19:40,7698.6,2024-03-17,Spring
Royal Air Maroc,CMN,PAR,170,0,business,18:35,22:25,6879.6,2024-05-29,Spring
Royal Air Maroc,CMN,PAR,170,0,economy,16:50,20:40,1395.03,2024-07-04,Summer
Air France,CMN,ROM,695,1,business,08:10,19:45,7551.18,2024-11-05,Autumn
Lufthansa,CMN,ROM,425,1,business,01:15,09:20,10292.1,2024-08-16,Summer
Iberia,CMN,ROM,505,1,business,10:15,19:40,4395.3,2024-03-17,Spring
Air France,CMN,ROM,380,1,economy,11:20,17:40,4002.18,2024-11-05,Autumn
Iberia,CMN,ROM,1100,1,business,18:35,13:55,4499.04,2024-06-01,Summer
TAP Portugal,CMN,PAR,550,1,business,11:25,21:35,2921.1,2024-10-19,Autumn
Emirates,CMN,IST,1510,1,business,14:45,17:55,22500.66,2024-09-03,Autumn
Royal Air Maroc,CMN,PAR,170,0,economy,14:15,18:05,1438.71,2024-07-04,Summer
Royal Air Maroc,CMN,PAR,175,0,business,13:25,17:20,6464.64,2024-10-19,Autumn
Royal Air Maroc,CMN,PAR,170,0,economy,08:10,12:00,1659.84,2024-06-01,Summer
TAP Portugal,CMN,PAR,300,1,business,17:00,23:00,3139.5,2024-07-04,Summer
Air Arabia Maroc,CMN,IST,280,0,economy,16:40,23:20,2055.69,2024-06-01,Summer
Iberia,CMN,ROM,625,1,business,12:40,00:05,5159.7,2024-08-16,Summer
Egypt Air,CMN,IST,895,1,business,00:55,17:50,7990.71,2023-12-04,Winter
TAP Portugal,CMN,ROM,435,1,business,16:50,00:05,2678.13,2024-02-10,Winter
TAP Portugal,CMN,ROM,365,1,business,17:00,00:05,3759.21,2024-07-04,Summer
Air France,CMN,IST,905,1,business,10:20,03:25,7163.5199999999995,2024-10-19,Autumn
Iberia,CMN,ROM,605,2,business,09:35,19:40,9746.1,2024-01-12,Winter
Air France,CMN,ROM,380,1,business,15:50,23:10,5787.6,2024-05-29,Spring
Turkish Airlines,CMN,IST,275,0,economy,17:10,23:45,3475.29,2023-12-04,Winter
SAUDIA,CMN,IST,790,1,business,19:10,10:20,18460.26,2024-05-29,Spring
Lufthansa,CMN,IST,800,1,business,02:25,17:45,5296.2,2024-01-12,Winter
Transavia France,CMN,ROM,1380,1,economy,16:55,16:55,1728.09,2024-07-04,Summer
Royal Air Maroc,CMN,PAR,175,0,economy,08:10,11:05,1597.05,2024-11-05,Autumn
TAP Portugal,CMN,ROM,365,1,business,17:00,00:05,2910.18,2024-10-19,Autumn
Royal Air Maroc,CMN,PAR,165,0,business,12:20,16:05,6852.3,2024-10-19,Autumn
Transavia France,CMN,ROM,605,1,economy,11:30,22:35,2066.61,2024-05-29,Spring
Royal Air Maroc,CMN,PAR,170,0,economy,14:15,18:05,3251.43,2024-08-16,Summer
Kuwait Airways,CMN,IST,880,1,business,12:40,05:20,23532.6,2024-09-03,Autumn
Royal Air Maroc,CMN,PAR,175,0,economy,14:10,17:05,1441.44,2024-01-12,Winter
TAP Portugal,CMN,ROM,1130,1,economy,17:00,12:50,1392.3,2024-06-01,Summer
Iberia,CMN,PAR,465,1,business,10:15,18:00,4032.21,2024-02-10,Winter
Royal Air Maroc,CMN,ROM,185,0,economy,12:35,16:40,3464.37,2024-08-16,Summer
TAP Portugal,CMN,IST,960,2,economy,17:00,11:00,3256.89,2024-09-03,Autumn
Air France,CMN,ROM,465,1,economy,07:30,16:15,3330.6,2024-06-01,Summer
Iberia,CMN,PAR,605,1,business,12:40,23:45,3903.9,2024-07-04,Summer
Royal Air Maroc,CMN,PAR,170,0,economy,18:35,22:25,1438.71,2024-05-29,Spring
Air France,CMN,ROM,375,1,business,10:20,17:35,12394.2,2024-09-03,Autumn
Royal Air Maroc,CMN,PAR,170,0,economy,14:15,18:05,1506.96,2024-06-01,Summer
Air France,CMN,IST,905,1,economy,10:20,03:25,3248.7,2024-09-03,Autumn
Egypt Air,CMN,IST,680,1,business,13:30,02:50,8564.01,2024-10-19,Autumn
Tunisair,CMN,ROM,405,1,economy,02:35,09:20,2418.78,2024-02-10,Winter
Air France,CMN,ROM,970,1,economy,15:50,09:00,3104.0099999999998,2024-04-18,Spring
TAP Portugal,CMN,ROM,980,1,business,17:00,10:20,3958.5,2024-08-16,Summer
Royal Air Maroc,CMN,PAR,175,0,business,02:50,06:45,6456.45,2024-09-03,Autumn
Turkish Airlines,CMN,IST,280,0,economy,17:00,23:40,3748.29,2024-04-18,Spring
Egypt Air,CMN,IST,680,1,economy,13:30,02:50,3879.33,2024-08-16,Summer
Royal Air Maroc,CMN,PAR,170,0,business,18:35,22:25,6863.22,2024-10-19,Autumn
Turkish Airlines,CMN,IST,285,0,economy,09:55,16:40,7624.89,2024-02-10,Winter
Royal Air Maroc,CMN,PAR,175,0,economy,14:10,17:05,2593.5,2023-12-04,Winter
Air France,CMN,IST,905,1,economy,10:20,03:25,3254.16,2024-08-16,Summer
Royal Air Maroc,CMN,PAR,175,0,economy,08:00,11:55,1395.03,2024-07-04,Summer
Lufthansa,CMN,PAR,475,1,economy,14:20,22:15,2118.48,2024-11-05,Autumn
Air Arabia Maroc,CMN,IST,280,0,economy,16:40,23:20,2609.88,2024-10-19,Autumn
TAP Portugal,CMN,ROM,1315,1,business,11:25,10:20,2724.54,2024-06-01,Summer
Royal Air Maroc,CMN,PAR,170,0,economy,03:10,07:00,3652.74,2024-08-16,Summer
TAP Portugal,CMN,PAR,300,1,economy,17:00,23:00,816.27,2024-06-01,Summer
Kuwait Airways,CMN,IST,1505,1,business,12:40,15:45,23532.6,2024-07-04,Summer
Air France,CMN,ROM,505,1,business,11:20,19:45,9533.16,2024-11-05,Autumn
Air France,CMN,PAR,180,0,business,18:20,22:20,8736.0,2024-07-04,Summer
Royal Air Maroc,CMN,PAR,175,0,economy,08:10,11:05,2175.81,2024-01-12,Winter
Royal Air Maroc,CMN,IST,270,0,business,01:30,08:00,9707.88,2024-08-16,Summer
TAP Portugal,CMN,PAR,1265,1,economy,11:25,09:30,1362.27,2024-08-16,Summer
TAP Portugal,CMN,ROM,980,1,economy,17:00,10:20,2118.48,2024-06-01,Summer
Tunisair,CMN,IST,525,1,economy,11:50,22:35,3112.2,2024-04-18,Spring
Royal Air Maroc,CMN,PAR,170,0,business,08:10,12:00,6464.64,2024-05-29,Spring
TAP Portugal,CMN,PAR,445,1,business,12:20,19:45,2866.5,2023-12-04,Winter
Pegasus Airlines,CMN,IST,285,0,economy,01:10,07:55,1763.58,2023-12-04,Winter
TAP Portugal,CMN,ROM,1130,1,economy,17:00,12:50,1405.95,2024-10-19,Autumn
Royal Air Maroc,CMN,PAR,170,0,business,03:10,07:00,6844.11,2024-08-16,Summer
TAP Portugal,CMN,ROM,980,1,economy,17:00,10:20,2861.04,2024-09-03,Autumn
TAP Portugal,CMN,ROM,705,1,economy,12:20,00:05,990.99,2024-02-10,Winter
Egypt Air,CMN,IST,675,1,economy,13:35,02:50,3898.44,2024-01-12,Winter
Tunisair,CMN,ROM,400,1,economy,02:35,09:15,2743.65,2023-12-04,Winter
SAUDIA,CMN,IST,790,1,business,19:10,10:20,14812.98,2024-10-19,Autumn
Royal Air Maroc,CMN,PAR,180,0,business,08:15,11:15,6489.21,2024-02-10,Winter
Turkish Airlines,CMN,IST,280,0,economy,17:00,23:40,3439.8,2024-05-29,Spring
TAP Portugal,CMN,PAR,300,1,business,17:00,23:00,4138.68,2024-08-16,Summer
Air France,CMN,PAR,185,0,economy,10:20,14:25,5012.28,2024-04-18,Spring
ITA Airways,CMN,ROM,130,0,economy,13:00,16:10,2560.74,2024-03-17,Spring
Air France,CMN,PAR,185,0,business,10:20,14:25,8736.0,2024-04-18,Spring
Egypt Air,CMN,IST,680,1,economy,13:30,02:50,3882.06,2024-07-04,Summer
Air France,CMN,ROM,1255,1,economy,18:20,16:15,2702.7,2024-04-18,Spring
Royal Air Maroc,CMN,PAR,170,0,business,16:20,20:10,6464.64,2024-06-01,Summer
Royal Air Maroc,CMN,IST,515,1,economy,08:10,18:45,3142.23,2024-05-29,Spring
Royal Air Maroc,CMN,PAR,175,0,business,08:10,11:05,6467.37,2024-01-12,Winter
Iberia,CMN,ROM,305,1,business,19:00,00:05,4114.11,2023-12-04,Winter
TAP Portugal,CMN,ROM,365,1,economy,17:00,00:05,1086.54,2024-05-29,Spring
Air France,CMN,PAR,185,0,economy,10:20,14:25,1539.72,2024-07-04,Summer
Royal Air Maroc,CMN,IST,435,1,economy,13:00,22:15,2768.22,2024-01-12,Winter
Iberia,CMN,ROM,630,1,business,13:35,00:05,4359.81,2024-11-05,Autumn
TAP Portugal,CMN,ROM,1365,1,business,17:00,16:45,2760.03,2024-05-29,Spring
Lufthansa,CMN,ROM,425,1,economy,01:15,09:20,4559.1,2024-09-03,Autumn
Iberia,CMN,PAR,500,1,business,13:35,21:55,4026.75,2024-11-05,Autumn
TAP Portugal,CMN,ROM,725,1,business,12:20,00:25,2664.48,2023-12-04,Winter
Egypt Air,CMN,IST,1290,1,business,13:30,13:00,8596.77,2024-08-16,Summer
Iberia,CMN,PAR,395,1,economy,13:35,20:10,2795.52,2023-12-04,Winter
Air France,CMN,ROM,390,1,business,08:10,14:40,9576.84,2024-01-12,Winter
KLM,CMN,IST,1180,2,economy,19:15,16:55,2123.94,2023-12-04,Winter
Royal Air Maroc,CMN,IST,480,1,economy,10:00,20:00,2683.59,2024-05-29,Spring
Royal Air Maroc,CMN,ROM,185,0,economy,12:35,16:40,1455.09,2024-04-18,Spring
Royal Air Maroc,CMN,PAR,175,0,economy,14:10,17:05,1504.23,2024-02-10,Winter
Royal Air Maroc,CMN,IST,270,0,economy,01:30,08:00,5664.75,2024-08-16,Summer
Royal Air Maroc,CMN,IST,275,0,economy,17:10,23:45,5825.82,2024-02-10,Winter
TAP Portugal,CMN,PAR,635,1,economy,11:25,23:00,816.27,2024-10-19,Autumn
Iberia,CMN,ROM,360,1,business,12:40,19:40,5159.7,2024-08-16,Summer
Iberia,CMN,PAR,395,1,business,13:35,20:10,3789.24,2023-12-04,Winter
Iberia,CMN,PAR,510,1,business,12:40,22:10,3786.5099999999998,2024-09-03,Autumn
ITA Airways,CMN,ROM,130,0,business,13:00,16:10,10068.24,2024-03-17,Spring
Iberia,CMN,ROM,320,1,economy,17:45,00:05,4258.8,2024-08-16,Summer
British Airways,CMN,IST,1385,2,business,12:40,13:45,12476.1,2024-07-04,Summer
Emirates,CMN,IST,1510,1,business,14:45,17:55,22500.66,2024-07-04,Summer
TAP Portugal,CMN,ROM,635,1,economy,12:20,23:55,1201.2,2024-03-17,Spring
TAP Portugal,CMN,ROM,1130,1,business,17:00,12:50,3797.43,2024-07-04,Summer
Iberia,CMN,ROM,480,1,business,16:05,00:05,4365.2699999999995,2024-02-10,Winter
TAP Portugal,CMN,PAR,300,1,economy,17:00,23:00,1605.24,2024-08-16,Summer
Royal Air Maroc,CMN,PAR,170,0,economy,14:15,18:05,1438.71,2024-05-29,Spring
Transavia France,CMN,PAR,180,0,economy,11:30,15:30,1042.86,2024-05-29,Spring
Qatar Airways,CMN,IST,780,1,business,16:00,07:00,23341.5,2024-02-10,Winter
Lufthansa,CMN,IST,825,1,business,01:15,17:00,9063.6,2024-08-16,Summer
SAUDIA,CMN,IST,790,1,economy,19:10,10:20,5034.12,2024-09-03,Autumn
Egypt Air,CMN,IST,640,1,business,00:55,13:35,10496.85,2024-02-10,Winter
Egypt Air,CMN,IST,1290,1,business,13:30,13:00,8678.67,2024-10-19,Autumn
Royal Air Maroc,CMN,PAR,170,0,business,12:20,15:10,6890.5199999999995,2024-11-05,Autumn
Lufthansa,CMN,ROM,500,1,economy,14:20,22:40,1632.54,2024-02-10,Winter
Egypt Air,CMN,ROM,695,1,business,00:55,12:30,8367.45,2024-01-12,Winter
Air France,CMN,PAR,180,0,economy,15:50,19:50,1577.94,2024-06-01,Summer
Royal Air Maroc,CMN,PAR,170,0,economy,16:50,20:40,3196.83,2024-08-16,Summer
Multiple Airlines,CMN,IST,1095,2,economy,16:30,12:45,2170.35,2024-04-18,Spring
Lufthansa,CMN,ROM,425,1,business,01:15,09:20,6008.73,2024-07-04,Summer
Pegasus Airlines,CMN,ROM,580,1,economy,00:10,10:50,2031.12,2024-06-01,Summer
Iberia,CMN,ROM,630,1,economy,13:35,00:05,1755.39,2024-11-05,Autumn
Air France,CMN,ROM,505,1,economy,11:20,19:45,3104.0099999999998,2024-11-05,Autumn
Transavia France,CMN,ROM,1285,1,economy,20:35,18:00,1460.55,2024-02-10,Winter
Royal Air Maroc,CMN,IST,290,0,economy,09:50,16:40,2549.82,2023-12-04,Winter
Royal Air Maroc,CMN,PAR,175,0,business,08:00,11:55,6456.45,2024-08-16,Summer
TAP Portugal,CMN,PAR,470,1,business,11:25,20:15,2934.75,2024-05-29,Spring
Iberia,CMN,ROM,360,1,business,13:35,19:35,4359.81,2024-11-05,Autumn
Transavia France,CMN,PAR,195,0,economy,19:15,22:30,1253.07,2024-01-12,Winter
Lufthansa,CMN,IST,825,1,business,01:15,17:00,9063.6,2024-09-03,Autumn
TAP Portugal,CMN,ROM,405,1,economy,11:25,19:10,2508.87,2024-06-01,Summer
Royal Air Maroc,CMN,PAR,175,0,business,13:25,17:20,6456.45,2024-08-16,Summer
Royal Air Maroc,CMN,ROM,190,0,business,13:00,16:10,7010.64,2024-02-10,Winter
TAP Portugal,CMN,PAR,445,1,economy,12:20,19:45,2254.98,2023-12-04,Winter
Air Arabia Maroc,CMN,IST,595,1,economy,06:35,19:30,2855.58,2024-03-17,Spring
Air France,CMN,PAR,180,0,business,18:20,22:20,8736.0,2024-06-01,Summer
Air France,CMN,ROM,380,1,economy,15:50,23:10,4368.0,2024-04-18,Spring
Royal Air Maroc,CMN,IST,285,0,business,09:55,16:40,8285.55,2024-01-12,Winter
Air France,CMN,ROM,380,1,economy,15:50,23:10,5460.0,2024-09-03,Autumn
TAP Portugal,CMN,ROM,385,1,economy,12:20,18:45,2628.99,2023-12-04,Winter
Royal Air Maroc,CMN,PAR,170,0,economy,08:10,12:00,1506.96,2024-07-04,Summer
Iberia,CMN,PAR,390,1,economy,12:40,20:10,2981.16,2024-09-03,Autumn
TAP Portugal,CMN,ROM,700,1,economy,11:25,00:05,1397.76,2024-06-01,Summer
Royal Air Maroc,CMN,PAR,175,0,business,18:30,21:25,6890.5199999999995,2024-11-05,Autumn
Air France,CMN,PAR,185,0,business,07:30,11:35,8736.0,2024-07-04,Summer
Royal Air Maroc,CMN,PAR,170,0,business,16:20,20:10,6464.64,2024-10-19,Autumn
Air France,CMN,PAR,195,0,economy,08:10,11:25,1829.1,2024-02-10,Winter
Air France,CMN,ROM,380,1,business,15:50,23:10,7589.4,2024-10-19,Autumn
Iberia,CMN,ROM,360,1,business,12:40,19:40,4231.5,2024-07-04,Summer
Air France,CMN,PAR,180,0,business,18:20,22:20,8736.0,2024-05-29,Spring
Air France,CMN,ROM,380,1,economy,15:50,23:10,1965.6,2024-05-29,Spring
Royal Air Maroc,CMN,IST,280,0,economy,17:00,23:40,5681.13,2024-09-03,Autumn
Pegasus Airlines,CMN,ROM,580,1,economy,00:10,10:50,3267.81,2024-08-16,Summer
Iberia,CMN,ROM,480,1,business,10:15,18:15,4365.2699999999995,2024-02-10,Winter
Iberia,CMN,ROM,365,1,economy,13:35,19:40,2811.9,2023-12-04,Winter
Royal Air Maroc,CMN,PAR,175,0,economy,08:00,11:55,1395.03,2024-05-29,Spring
Royal Air Maroc,CMN,PAR,115,0,economy,08:10,11:05,1542.45,2024-03-17,Spring
TAP Portugal,CMN,PAR,390,1,business,11:25,18:55,2915.64,2024-10-19,Autumn
TAP Portugal,CMN,ROM,1130,1,economy,17:00,12:50,1826.37,2024-04-18,Spring
Turkish Airlines,CMN,IST,280,0,business,17:00,23:40,11146.59,2024-08-16,Summer
Iberia,CMN,ROM,570,1,business,13:35,00:05,4133.22,2024-03-17,Spring
Qatar Airways,CMN,IST,785,1,economy,20:40,11:45,6726.72,2024-08-16,Summer
Royal Air Maroc,CMN,IST,525,1,economy,10:15,21:00,2325.96,2024-01-12,Winter
Royal Air Maroc,CMN,PAR,170,0,business,14:15,18:05,6855.03,2024-09-03,Autumn
Egypt Air,CMN,IST,1005,1,business,23:05,17:50,8110.83,2023-12-04,Winter
Iberia,CMN,PAR,310,1,business,16:05,22:15,4067.7,2024-03-17,Spring
Air France,CMN,PAR,180,0,economy,18:20,22:20,1911.0,2024-05-29,Spring
Air Arabia Maroc,CMN,IST,280,0,economy,16:50,23:30,1646.19,2024-01-12,Winter
KLM,CMN,IST,1180,2,economy,19:15,16:55,4067.7,2024-11-05,Autumn
Egypt Air,CMN,IST,680,1,economy,13:30,02:50,3876.6,2024-09-03,Autumn
